scenario,scenarioLabel,throttlingProfile,throttlingLabel,runIndex,timestamp,coldPayloadKB,coldRequests,cold_htmlDocumentKB,cold_jsPayloadKB,cold_apiPayloadKB,cold_cssPayloadKB,cold_staticAssetKB,warmNavigationMs,warmPayloadKB,warmRequests,warmCachedRequests,warmNetworkRequests,warmNetworkPayloadKB,warm_htmlDocumentKB,warm_jsPayloadKB,warm_apiPayloadKB,warm_cssPayloadKB,warm_staticAssetKB,warmTtfbMs,warmDomContentLoadedMs,warmTransferSizeBytes,cacheHitRate,payloadReductionPct
prototype,Kestrel-Kit (Prototyp),cable,Cable (Referenz),1,2026-04-01T05:06:41.484Z,1136.42,130,14.96,755.38,236.67,25.81,103.6,2820,114.46,125,6,119,114.46,0.4,0.0,16.8,0,97.26,0.1000000238418579,65.80000001192093,0,4.8,89.9
prototype,Kestrel-Kit (Prototyp),cable,Cable (Referenz),2,2026-04-01T05:06:51.468Z,1171.78,132,15.04,755.56,236.82,25.88,138.47,3133,450.64,144,6,138,450.64,0.47,0.0,17.17,0,433.0,0.0,65.5,0,4.2,61.5
prototype,Kestrel-Kit (Prototyp),cable,Cable (Referenz),3,2026-04-01T05:07:01.858Z,1348.78,151,14.98,755.45,237.44,25.9,315.02,2153,19.91,121,6,115,19.91,0.4,0.0,16.62,0,2.89,0.1000000238418579,65.90000000596046,0,5.0,98.5
prototype,Kestrel-Kit (Prototyp),cable,Cable (Referenz),4,2026-04-01T05:07:12.160Z,1104.97,126,14.96,755.33,235.94,25.88,72.86,2683,172.55,128,6,122,172.55,0.4,2.07,16.92,0,153.17,0.0,153.09999999403954,0,4.7,84.4
prototype,Kestrel-Kit (Prototyp),cable,Cable (Referenz),5,2026-04-01T05:07:22.447Z,1150.36,131,14.98,755.44,236.72,25.81,117.41,2892,173.13,131,6,125,173.13,0.4,0.7,16.95,0,155.09,0.0999999940395355,93.09999999403954,0,4.6,84.9
prototype,Kestrel-Kit (Prototyp),cable,Cable (Referenz),6,2026-04-01T05:07:32.668Z,1261.44,131,15.03,755.43,236.89,25.8,228.29,3694,51.51,125,6,119,51.51,0.47,0.0,17.1,0,33.95,0.0,57.79999998211861,0,4.8,95.9
prototype,Kestrel-Kit (Prototyp),cable,Cable (Referenz),7,2026-04-01T05:07:42.355Z,1420.64,135,15.04,755.46,236.62,25.89,387.62,3179,49.87,127,6,121,49.87,0.4,0.0,17.04,0,32.42,0.0999999940395355,65.30000001192093,0,4.7,96.5
prototype,Kestrel-Kit (Prototyp),cable,Cable (Referenz),8,2026-04-01T05:07:51.825Z,1130.24,126,15.01,755.41,237.29,25.88,96.64,2160,59.32,126,6,120,59.32,0.4,0.0,16.77,0,42.15,0.0999999940395355,66.09999999403954,0,4.8,94.8
prototype,Kestrel-Kit (Prototyp),cable,Cable (Referenz),9,2026-04-01T05:08:00.582Z,1168.07,133,14.97,755.58,236.43,25.89,135.2,1507,76.71,125,6,119,76.71,0.47,0.0,16.95,0,59.3,0.0,66.0,0,4.8,93.4
prototype,Kestrel-Kit (Prototyp),cable,Cable (Referenz),10,2026-04-01T05:08:10.262Z,1254.51,130,14.97,755.35,236.38,25.89,221.92,3399,66.65,123,6,117,66.65,0.47,0.0,16.75,0,49.43,0.0999999940395355,66.5,0,4.9,94.7
prototype,Kestrel-Kit (Prototyp),cable,Cable (Referenz),11,2026-04-01T05:08:20.907Z,1333.33,136,14.99,755.47,236.88,25.88,300.11,3229,18.37,121,6,115,18.37,0.4,0.0,16.38,0,1.59,0.0999999940395355,64.59999999403954,0,5.0,98.6
prototype,Kestrel-Kit (Prototyp),cable,Cable (Referenz),12,2026-04-01T05:08:31.518Z,1457.69,155,14.93,755.47,237.46,25.84,423.99,3195,65.17,125,6,119,65.17,0.47,0.0,17.01,0,47.69,0.1000000238418579,65.7999999821186,0,4.8,95.5
prototype,Kestrel-Kit (Prototyp),cable,Cable (Referenz),13,2026-04-01T05:08:40.127Z,1145.11,133,15.01,755.46,236.26,25.81,112.58,1367,89.55,126,6,120,89.55,0.4,0.0,16.18,0,72.97,0.0,63.900000005960464,0,4.8,92.2
prototype,Kestrel-Kit (Prototyp),cable,Cable (Referenz),14,2026-04-01T05:08:50.157Z,1134.39,128,14.98,755.51,236.85,25.89,101.17,2253,30.68,123,6,117,30.68,0.4,0.68,17.05,0,12.54,0.0999999940395355,94.5,0,4.9,97.3
prototype,Kestrel-Kit (Prototyp),cable,Cable (Referenz),15,2026-04-01T05:08:59.695Z,1207.02,138,14.96,755.61,237.07,25.85,173.54,2419,334.53,130,6,124,334.53,0.4,0.0,16.49,0,317.64,0.0,67.0,0,4.6,72.3
prototype,Kestrel-Kit (Prototyp),cable,Cable (Referenz),16,2026-04-01T05:09:09.077Z,1249.24,133,15.04,755.39,236.32,25.81,216.69,2606,170.91,126,6,120,170.91,0.4,0.0,16.57,0,153.95,0.0999999940395355,66.59999999403954,0,4.8,86.3
prototype,Kestrel-Kit (Prototyp),cable,Cable (Referenz),17,2026-04-01T05:09:19.679Z,1184.72,134,14.93,755.43,237.27,25.88,151.21,2807,151.19,128,6,122,151.19,0.4,0.0,16.98,0,133.81,0.1000000238418579,65.40000000596046,0,4.7,87.2
prototype,Kestrel-Kit (Prototyp),cable,Cable (Referenz),18,2026-04-01T05:09:30.217Z,1151.4,132,14.97,755.45,237.05,25.88,118.04,3217,169.4,134,6,128,169.4,0.4,0.7,16.93,0,151.37,0.0999999940395355,95.2000000178814,0,4.5,85.3
prototype,Kestrel-Kit (Prototyp),cable,Cable (Referenz),19,2026-04-01T05:09:39.227Z,1188.15,131,14.98,755.34,236.9,25.81,155.13,2663,92.58,130,6,124,92.58,0.47,0.0,17.5,0,74.61,0.0999999940395355,66.5,0,4.6,92.2
prototype,Kestrel-Kit (Prototyp),cable,Cable (Referenz),20,2026-04-01T05:09:48.229Z,1166.7,129,15.05,755.51,236.55,25.88,133.71,2174,91.1,123,6,117,91.1,0.47,0.69,16.75,0,73.19,0.0,65.09999999403954,0,4.9,92.2
prototype,Kestrel-Kit (Prototyp),cable,Cable (Referenz),21,2026-04-01T05:09:57.496Z,1625.05,145,14.98,755.57,236.99,25.85,591.65,1507,46.06,122,6,116,46.06,0.4,1.39,16.83,0,27.43,0.0,94.19999998807909,0,4.9,97.2
prototype,Kestrel-Kit (Prototyp),cable,Cable (Referenz),22,2026-04-01T05:10:06.271Z,1154.5,127,14.95,755.44,236.56,25.84,121.72,2580,227.92,129,6,123,227.92,0.4,2.74,16.91,0,207.87,0.0,84.7000000178814,0,4.7,80.3
prototype,Kestrel-Kit (Prototyp),cable,Cable (Referenz),23,2026-04-01T05:10:16.596Z,1209.44,134,14.98,755.52,236.65,25.88,176.42,2748,395.73,125,6,119,395.73,0.47,0.68,16.62,0,377.96,0.0,97.19999998807909,0,4.8,67.3
prototype,Kestrel-Kit (Prototyp),cable,Cable (Referenz),24,2026-04-01T05:10:26.137Z,1299.9,131,15.01,755.5,236.21,25.88,267.3,2916,64.34,124,6,118,64.34,0.4,1.36,17.28,0,45.3,0.0999999940395355,92.19999998807909,0,4.8,95.1
prototype,Kestrel-Kit (Prototyp),cable,Cable (Referenz),25,2026-04-01T05:10:35.577Z,1139.22,129,14.97,755.56,236.37,25.85,106.47,2445,144.99,127,6,121,144.99,0.4,0.69,17.2,0,126.7,0.0999999940395355,65.80000001192093,0,4.7,87.3
prototype,Kestrel-Kit (Prototyp),cable,Cable (Referenz),26,2026-04-01T05:10:46.287Z,1145.69,126,14.96,755.62,236.06,25.89,113.16,2906,122.63,128,6,122,122.63,0.4,0.68,16.71,0,104.84,0.0,155.09999999403954,0,4.7,89.3
prototype,Kestrel-Kit (Prototyp),cable,Cable (Referenz),27,2026-04-01T05:10:54.865Z,1145.54,133,14.97,755.56,236.47,25.9,112.65,1604,126.41,124,6,118,126.41,0.47,4.84,16.77,0,104.33,0.0,190.3999999761581,0,4.8,89.0
prototype,Kestrel-Kit (Prototyp),cable,Cable (Referenz),28,2026-04-01T05:11:05.024Z,1170.87,133,15.0,755.49,236.66,25.85,137.88,2854,199.91,131,6,125,199.91,0.4,2.05,16.87,0,180.59,0.1000000238418579,92.30000001192091,0,4.6,82.9
prototype,Kestrel-Kit (Prototyp),cable,Cable (Referenz),29,2026-04-01T05:11:18.100Z,1162.96,135,15.03,755.58,236.28,25.84,130.21,5116,14.37,120,6,114,14.37,0.47,2.73,11.18,0,0.0,0.0999999940395355,107.30000001192091,0,5.0,98.8
prototype,Kestrel-Kit (Prototyp),cable,Cable (Referenz),30,2026-04-01T05:11:29.656Z,1087.49,123,14.95,755.39,230.51,25.85,60.79,3121,325.79,128,6,122,325.79,0.47,1.38,16.75,0,307.19,0.0,58.20000001788139,0,4.7,70.0
prototype,Kestrel-Kit (Prototyp),cable,Cable (Referenz),31,2026-04-01T05:11:39.053Z,1231.42,133,14.99,755.58,236.98,25.83,198.03,2910,81.07,123,6,117,81.07,0.4,3.44,16.6,0,60.62,0.0999999940395355,65.30000001192093,0,4.9,93.4
prototype,Kestrel-Kit (Prototyp),cable,Cable (Referenz),32,2026-04-01T05:11:48.537Z,1116.04,128,14.95,755.51,236.8,25.88,82.89,2685,354.94,137,6,131,354.94,0.4,5.48,17.26,0,331.81,0.0999999940395355,104.2000000178814,0,4.4,68.2
prototype,Kestrel-Kit (Prototyp),cable,Cable (Referenz),33,2026-04-01T05:11:59.205Z,1931.36,145,14.97,755.53,236.73,25.8,898.32,3219,83.26,128,6,122,83.26,0.4,2.06,16.69,0,64.11,0.0,88.19999998807907,0,4.7,95.7
prototype,Kestrel-Kit (Prototyp),cable,Cable (Referenz),34,2026-04-01T05:12:11.306Z,1196.92,132,14.98,755.54,237.12,25.83,163.44,3272,93.13,129,6,123,93.13,0.47,3.4,16.57,0,72.7,0.0999999940395355,99.40000000596046,0,4.7,92.2
prototype,Kestrel-Kit (Prototyp),cable,Cable (Referenz),35,2026-04-01T05:12:22.264Z,1255.69,134,14.97,755.52,236.9,25.8,222.5,3451,294.17,129,6,123,294.17,0.4,0.68,16.94,0,276.14,0.0,148.80000001192093,0,4.7,76.6
prototype,Kestrel-Kit (Prototyp),cable,Cable (Referenz),36,2026-04-01T05:12:33.584Z,1184.6,129,14.94,755.4,236.35,25.9,152.02,3197,129.87,128,6,122,129.87,0.4,0.69,17.27,0,111.51,0.0,65.7999999821186,0,4.7,89.0
prototype,Kestrel-Kit (Prototyp),cable,Cable (Referenz),37,2026-04-01T05:12:43.469Z,1222.59,137,14.97,755.44,237.63,25.8,188.74,2400,71.06,123,6,117,71.06,0.4,3.41,17.74,0,49.51,0.0999999940395355,96.40000000596046,0,4.9,94.2
prototype,Kestrel-Kit (Prototyp),cable,Cable (Referenz),38,2026-04-01T05:12:55.373Z,1133.0,130,15.02,755.47,236.35,25.85,100.32,3444,62.64,125,6,119,62.64,0.4,1.36,17.28,0,43.6,0.0,96.5,0,4.8,94.5
prototype,Kestrel-Kit (Prototyp),cable,Cable (Referenz),39,2026-04-01T05:13:04.661Z,1195.08,138,15.0,755.47,236.91,25.79,161.89,2149,28.42,122,6,116,28.42,0.4,0.68,16.91,0,10.43,0.0,64.7000000178814,0,4.9,97.6
prototype,Kestrel-Kit (Prototyp),cable,Cable (Referenz),40,2026-04-01T05:13:15.111Z,1221.56,132,14.98,755.52,236.59,25.88,188.59,4023,409.25,141,6,135,409.25,0.4,0.68,17.16,0,391.01,0.0999999940395355,67.0,0,4.3,66.5
prototype,Kestrel-Kit (Prototyp),cable,Cable (Referenz),41,2026-04-01T05:13:24.640Z,1153.49,132,14.98,755.39,236.88,25.8,120.43,2545,296.14,132,6,126,296.14,0.4,0.0,16.69,0,279.05,0.0999999940395355,65.59999999403954,0,4.5,74.3
prototype,Kestrel-Kit (Prototyp),cable,Cable (Referenz),42,2026-04-01T05:13:33.659Z,1175.79,133,14.97,755.38,236.97,25.88,142.6,2141,139.84,124,6,118,139.84,0.47,0.0,16.98,0,122.39,0.0,66.0,0,4.8,88.1
prototype,Kestrel-Kit (Prototyp),cable,Cable (Referenz),43,2026-04-01T05:13:42.070Z,1135.46,128,15.02,755.42,236.37,25.88,102.77,1568,22.45,120,6,114,22.45,0.4,0.68,16.79,0,4.58,0.0,65.40000000596046,0,5.0,98.0
prototype,Kestrel-Kit (Prototyp),cable,Cable (Referenz),44,2026-04-01T05:13:53.153Z,1102.07,127,14.96,755.27,236.29,25.81,69.73,3269,23.5,121,6,115,23.5,0.4,1.36,16.84,0,4.9,0.0,98.19999998807909,0,5.0,97.9
prototype,Kestrel-Kit (Prototyp),cable,Cable (Referenz),45,2026-04-01T05:14:02.746Z,1205.13,131,14.99,755.42,236.68,25.8,172.25,2736,65.38,122,6,116,65.38,0.4,1.37,16.81,0,46.81,0.0,63.5,0,4.9,94.6
prototype,Kestrel-Kit (Prototyp),cable,Cable (Referenz),46,2026-04-01T05:14:12.842Z,1124.41,128,15.05,755.39,236.22,25.89,91.87,3207,87.43,123,6,117,87.43,0.47,0.0,17.9,0,69.07,0.0,65.7000000178814,0,4.9,92.2
prototype,Kestrel-Kit (Prototyp),cable,Cable (Referenz),47,2026-04-01T05:14:23.420Z,1195.37,136,15.06,755.56,236.58,25.88,162.29,2457,212.45,129,6,123,212.45,0.47,0.0,17.06,0,194.92,0.0,65.0,0,4.7,82.2
prototype,Kestrel-Kit (Prototyp),cable,Cable (Referenz),48,2026-04-01T05:14:32.120Z,1177.15,135,14.98,755.31,236.97,25.85,144.04,2134,218.59,137,6,131,218.59,0.4,0.0,17.25,0,200.95,0.0999999940395355,65.7000000178814,0,4.4,81.4
prototype,Kestrel-Kit (Prototyp),cable,Cable (Referenz),49,2026-04-01T05:14:43.038Z,1206.64,133,14.96,755.39,237.25,25.84,173.2,4021,40.99,124,6,118,40.99,0.4,0.0,16.69,0,23.9,0.0,68.69999998807907,0,4.8,96.6
prototype,Kestrel-Kit (Prototyp),cable,Cable (Referenz),50,2026-04-01T05:14:54.137Z,1125.17,130,14.98,755.47,236.54,25.89,92.3,4022,56.08,125,6,119,56.08,0.4,0.0,16.55,0,39.13,0.0999999940395355,65.80000001192093,0,4.8,95.0
baseline,Legacy (Baseline 1),cable,Cable (Referenz),1,2026-04-01T05:38:01.763Z,838.21,100,18.43,566.72,106.06,61.2,77.38,1283,40.08,94,2,92,40.08,18.5,2.48,19.1,0,0.0,164.39999997615814,274.90000000596046,14453,2.1,95.2
baseline,Legacy (Baseline 1),cable,Cable (Referenz),2,2026-04-01T05:38:08.424Z,829.4,96,18.42,566.63,105.81,61.13,77.39,1346,44.92,95,2,93,44.92,18.45,3.16,19.11,0,0.0,225.30000001192093,337.09999999403954,14458,2.1,94.6
baseline,Legacy (Baseline 1),cable,Cable (Referenz),3,2026-04-01T05:38:16.768Z,838.16,100,18.51,566.64,106.06,61.15,77.38,1324,39.34,94,2,92,39.34,18.45,1.79,19.1,0,0.0,234.3999999761581,316.19999998807907,14457,2.1,95.3
baseline,Legacy (Baseline 1),cable,Cable (Referenz),4,2026-04-01T05:38:24.810Z,838.06,100,18.42,566.6,106.06,61.18,77.39,1282,40.09,94,2,92,40.09,18.51,2.48,19.1,0,0.0,163.80000001192093,274.69999998807907,14460,2.1,95.2
baseline,Legacy (Baseline 1),cable,Cable (Referenz),5,2026-04-01T05:38:31.501Z,829.53,96,18.47,566.68,105.81,61.17,77.39,1347,44.3,95,2,93,44.3,18.51,2.48,19.11,0,0.0,224.80000001192093,339.19999998807907,14459,2.1,94.7
baseline,Legacy (Baseline 1),cable,Cable (Referenz),6,2026-04-01T05:38:39.395Z,838.06,100,18.44,566.66,106.06,61.13,77.37,1283,40.07,94,2,92,40.07,18.5,2.48,19.1,0,0.0,166.59999999403954,275.0,14453,2.1,95.2
baseline,Legacy (Baseline 1),cable,Cable (Referenz),7,2026-04-01T05:38:47.318Z,838.13,100,18.42,566.68,106.07,61.17,77.38,1276,39.4,94,2,92,39.4,18.5,1.79,19.11,0,0.0,186.2999999821186,268.40000000596046,14454,2.1,95.3
baseline,Legacy (Baseline 1),cable,Cable (Referenz),8,2026-04-01T05:38:55.231Z,838.09,100,18.42,566.6,106.07,61.2,77.39,1333,40.04,94,2,92,40.04,18.46,2.48,19.1,0,0.0,217.0,324.90000000596046,14456,2.1,95.2
baseline,Legacy (Baseline 1),cable,Cable (Referenz),9,2026-04-01T05:39:01.903Z,829.39,96,18.44,566.62,105.81,61.14,77.39,1338,44.28,95,2,93,44.28,18.5,2.48,19.1,0,0.0,220.09999999403956,330.69999998807907,14453,2.1,94.7
baseline,Legacy (Baseline 1),cable,Cable (Referenz),10,2026-04-01T05:39:08.581Z,829.43,96,18.45,566.66,105.82,61.13,77.38,1449,39.35,94,2,92,39.35,18.45,1.79,19.11,0,0.0,178.59999999403954,328.19999998807907,14454,2.1,95.3
baseline,Legacy (Baseline 1),cable,Cable (Referenz),11,2026-04-01T05:39:16.411Z,838.1,100,18.46,566.65,106.06,61.14,77.38,1352,39.34,94,2,92,39.34,18.45,1.79,19.1,0,0.0,233.3999999761581,316.09999999403954,14452,2.1,95.3
baseline,Legacy (Baseline 1),cable,Cable (Referenz),12,2026-04-01T05:39:23.031Z,829.44,96,18.46,566.61,105.81,61.17,77.38,1406,44.2,95,2,93,44.2,18.42,2.48,19.1,0,0.0,181.8999999761581,286.09999999403954,14453,2.1,94.7
baseline,Legacy (Baseline 1),cable,Cable (Referenz),13,2026-04-01T05:39:29.530Z,829.31,96,18.41,566.59,105.8,61.12,77.38,1337,44.18,95,2,93,44.18,18.41,2.48,19.1,0,0.0,218.30000001192093,328.0,14453,2.1,94.7
baseline,Legacy (Baseline 1),cable,Cable (Referenz),14,2026-04-01T05:39:36.113Z,829.47,96,18.43,566.6,105.84,61.22,77.38,1310,43.52,95,2,93,43.52,18.42,1.79,19.1,0,0.0,221.69999998807907,303.0,14451,2.1,94.8
baseline,Legacy (Baseline 1),cable,Cable (Referenz),15,2026-04-01T05:39:44.108Z,838.07,100,18.4,566.6,106.06,61.22,77.37,1410,40.01,94,2,92,40.01,18.43,2.47,19.1,0,0.0,178.40000000596046,401.0,14456,2.1,95.2
baseline,Legacy (Baseline 1),cable,Cable (Referenz),16,2026-04-01T05:39:51.975Z,838.1,100,18.42,566.64,106.06,61.14,77.43,1358,39.87,94,2,92,39.87,18.44,2.33,19.1,0,0.0,169.30000001192093,349.0,14454,2.1,95.2
baseline,Legacy (Baseline 1),cable,Cable (Referenz),17,2026-04-01T05:39:59.909Z,838.0,100,18.41,566.61,106.08,61.12,77.38,1304,39.33,94,2,92,39.33,18.44,1.79,19.1,0,0.0,214.30000001192093,296.90000000596046,14449,2.1,95.3
baseline,Legacy (Baseline 1),cable,Cable (Referenz),18,2026-04-01T05:40:06.492Z,829.48,96,18.41,566.63,105.82,61.18,77.44,1256,43.51,95,2,93,43.51,18.41,1.79,19.1,0,0.0,167.90000000596046,248.5,14457,2.1,94.8
baseline,Legacy (Baseline 1),cable,Cable (Referenz),19,2026-04-01T05:40:13.181Z,829.56,96,18.52,566.6,105.81,61.14,77.48,1332,43.52,95,2,93,43.52,18.42,1.79,19.1,0,0.0,243.2999999821186,324.5,14454,2.1,94.8
baseline,Legacy (Baseline 1),cable,Cable (Referenz),20,2026-04-01T05:40:21.030Z,838.16,100,18.44,566.58,106.07,61.17,77.48,1331,39.38,94,2,92,39.38,18.49,1.79,19.1,0,0.0,245.4000000059605,323.89999997615814,14454,2.1,95.3
baseline,Legacy (Baseline 1),cable,Cable (Referenz),21,2026-04-01T05:40:29.258Z,838.15,100,18.41,566.6,106.07,61.17,77.5,1350,39.32,94,2,92,39.32,18.42,1.79,19.1,0,0.0,260.2000000178814,341.90000000596046,14454,2.1,95.3
baseline,Legacy (Baseline 1),cable,Cable (Referenz),22,2026-04-01T05:40:35.812Z,829.44,96,18.5,566.57,105.82,61.13,77.43,1284,44.2,95,2,93,44.2,18.43,2.47,19.1,0,0.0,169.59999999403954,276.80000001192093,14458,2.1,94.7
baseline,Legacy (Baseline 1),cable,Cable (Referenz),23,2026-04-01T05:40:42.986Z,829.43,96,18.43,566.54,105.83,61.13,77.5,1768,43.52,95,2,93,43.52,18.43,1.79,19.1,0,0.0,680.2000000178814,761.1999999880791,14458,2.1,94.8
baseline,Legacy (Baseline 1),cable,Cable (Referenz),24,2026-04-01T05:40:49.371Z,829.45,96,18.42,566.56,105.81,61.16,77.49,1263,43.53,95,2,93,43.53,18.43,1.79,19.1,0,0.0,173.59999999403954,255.9000000059605,14452,2.1,94.8
baseline,Legacy (Baseline 1),cable,Cable (Referenz),25,2026-04-01T05:40:57.840Z,829.45,96,18.44,566.63,105.82,61.14,77.43,3218,52.7,98,2,96,52.7,18.4,2.33,19.35,0,0.0,179.90000000596046,342.90000000596046,14455,2.0,93.6
baseline,Legacy (Baseline 1),cable,Cable (Referenz),26,2026-04-01T05:41:04.410Z,829.44,96,18.41,566.59,105.8,61.2,77.44,1330,40.0,94,2,92,40.0,18.43,2.47,19.1,0,0.0,218.59999999403956,322.7000000178814,14452,2.1,95.2
baseline,Legacy (Baseline 1),cable,Cable (Referenz),27,2026-04-01T05:41:11.227Z,833.59,97,18.41,566.56,105.81,61.17,77.43,1378,39.84,94,2,92,39.84,18.41,2.33,19.1,0,0.0,269.30000001192093,372.2000000178814,14453,2.1,95.2
baseline,Legacy (Baseline 1),cable,Cable (Referenz),28,2026-04-01T05:41:17.753Z,829.46,96,18.42,566.64,105.8,61.17,77.43,1323,43.57,95,2,93,43.57,18.49,1.79,19.1,0,0.0,236.2000000178814,315.90000000596046,14454,2.1,94.7
baseline,Legacy (Baseline 1),cable,Cable (Referenz),29,2026-04-01T05:41:25.887Z,838.12,100,18.43,566.61,106.06,61.16,77.44,1305,39.33,94,2,92,39.33,18.43,1.79,19.11,0,0.0,217.80000001192093,297.39999997615814,14457,2.1,95.3
baseline,Legacy (Baseline 1),cable,Cable (Referenz),30,2026-04-01T05:41:34.056Z,838.13,100,18.46,566.59,106.06,61.18,77.43,1302,41.14,94,2,92,41.14,18.46,3.57,19.11,0,0.0,178.59999999403954,295.2999999821186,14457,2.1,95.1
baseline,Legacy (Baseline 1),cable,Cable (Referenz),31,2026-04-01T05:41:41.544Z,833.72,97,18.41,566.63,105.81,61.17,77.49,1451,44.15,96,2,94,44.15,18.51,2.33,19.11,0,4.2,213.30000001192093,309.40000000596046,14454,2.1,94.7
baseline,Legacy (Baseline 1),cable,Cable (Referenz),32,2026-04-01T05:41:47.924Z,829.38,96,18.42,566.58,105.83,61.17,77.38,1299,43.59,95,2,93,43.59,18.48,1.79,19.11,0,0.0,230.59999999403956,291.0,14456,2.1,94.7
baseline,Legacy (Baseline 1),cable,Cable (Referenz),33,2026-04-01T05:41:56.182Z,838.15,100,18.45,566.6,106.06,61.14,77.49,1508,40.01,94,2,92,40.01,18.42,2.49,19.1,0,0.0,181.9000000059605,568.7000000178814,14457,2.1,95.2
baseline,Legacy (Baseline 1),cable,Cable (Referenz),34,2026-04-01T05:42:02.790Z,829.47,96,18.42,566.59,105.82,61.15,77.49,1278,43.54,95,2,93,43.54,18.44,1.79,19.1,0,0.0,189.4000000059605,270.7999999821186,14454,2.1,94.8
baseline,Legacy (Baseline 1),cable,Cable (Referenz),35,2026-04-01T05:42:09.208Z,829.48,96,18.5,566.58,105.81,61.22,77.38,1294,44.23,95,2,93,44.23,18.44,2.49,19.1,0,0.0,178.19999998807907,285.19999998807907,14454,2.1,94.7
baseline,Legacy (Baseline 1),cable,Cable (Referenz),36,2026-04-01T05:42:17.263Z,838.35,100,18.52,566.63,106.08,61.21,77.49,1308,39.35,94,2,92,39.35,18.45,1.79,19.11,0,0.0,218.8999999761581,299.5,14458,2.1,95.3
baseline,Legacy (Baseline 1),cable,Cable (Referenz),37,2026-04-01T05:42:25.990Z,838.13,100,18.44,566.59,106.08,61.17,77.43,1273,39.35,94,2,92,39.35,18.45,1.79,19.11,0,0.0,185.09999999403956,264.80000001192093,14460,2.1,95.3
baseline,Legacy (Baseline 1),cable,Cable (Referenz),38,2026-04-01T05:42:33.060Z,829.43,96,18.44,566.57,105.81,61.17,77.43,1624,44.96,95,2,93,44.96,18.5,3.16,19.1,0,0.0,163.0,272.2999999821186,14453,2.1,94.6
baseline,Legacy (Baseline 1),cable,Cable (Referenz),39,2026-04-01T05:42:41.217Z,838.05,100,18.49,566.52,106.07,61.13,77.44,1288,40.08,94,2,92,40.08,18.5,2.48,19.11,0,0.0,174.5,280.0,14455,2.1,95.2
baseline,Legacy (Baseline 1),cable,Cable (Referenz),40,2026-04-01T05:42:47.680Z,829.57,96,18.41,566.64,105.81,61.22,77.49,1302,43.53,95,2,93,43.53,18.44,1.79,19.1,0,0.0,210.5,293.90000000596046,14452,2.1,94.8
baseline,Legacy (Baseline 1),cable,Cable (Referenz),41,2026-04-01T05:42:56.063Z,838.22,100,18.5,566.59,106.06,61.17,77.5,1877,40.71,94,2,92,40.71,18.45,3.16,19.1,0,0.0,263.09999999403954,377.5,14454,2.1,95.1
baseline,Legacy (Baseline 1),cable,Cable (Referenz),42,2026-04-01T05:43:03.927Z,838.28,100,18.5,566.59,106.07,61.21,77.5,1263,39.4,94,2,92,39.4,18.51,1.79,19.1,0,0.0,173.09999999403954,255.09999999403956,14454,2.1,95.3
baseline,Legacy (Baseline 1),cable,Cable (Referenz),43,2026-04-01T05:43:11.485Z,829.46,96,18.42,566.57,105.83,61.21,77.43,1318,45.14,96,2,94,45.14,18.43,3.16,19.1,0,0.25,200.2000000178814,310.5,14450,2.1,94.6
baseline,Legacy (Baseline 1),cable,Cable (Referenz),44,2026-04-01T05:43:18.184Z,829.38,96,18.41,566.52,105.81,61.14,77.5,1491,44.2,95,2,93,44.2,18.42,2.48,19.11,0,0.0,186.7999999821186,383.10000002384186,14453,2.1,94.7
baseline,Legacy (Baseline 1),cable,Cable (Referenz),45,2026-04-01T05:43:25.768Z,829.46,96,18.43,566.62,105.82,61.15,77.44,1291,44.23,95,2,93,44.23,18.45,2.48,19.11,0,0.0,163.09999999403954,282.69999998807907,14458,2.1,94.7
baseline,Legacy (Baseline 1),cable,Cable (Referenz),46,2026-04-01T05:43:33.562Z,838.1,100,18.49,566.5,106.06,61.16,77.48,1271,39.38,94,2,92,39.38,18.5,1.79,19.1,0,0.0,181.19999998807907,263.59999999403954,14453,2.1,95.3
baseline,Legacy (Baseline 1),cable,Cable (Referenz),47,2026-04-01T05:43:41.710Z,838.04,100,18.4,566.5,106.07,61.22,77.44,1441,39.4,94,2,92,39.4,18.51,1.79,19.1,0,0.0,218.19999998807907,299.80000001192093,14454,2.1,95.3
baseline,Legacy (Baseline 1),cable,Cable (Referenz),48,2026-04-01T05:43:50.497Z,837.96,100,18.47,566.51,106.05,61.13,77.38,1611,40.68,94,2,92,40.68,18.42,3.16,19.1,0,0.0,609.2000000178814,714.0,14453,2.1,95.1
baseline,Legacy (Baseline 1),cable,Cable (Referenz),49,2026-04-01T05:43:57.059Z,829.39,96,18.41,566.61,105.82,61.17,77.39,1292,44.19,95,2,93,44.19,18.42,2.48,19.1,0,0.0,190.2999999821186,284.5,14455,2.1,94.7
baseline,Legacy (Baseline 1),cable,Cable (Referenz),50,2026-04-01T05:44:03.919Z,829.44,96,18.45,566.57,105.8,61.13,77.49,1294,44.29,95,2,93,44.29,18.52,2.47,19.1,0,0.0,174.09999999403954,287.2999999821186,14454,2.1,94.7
baseline2,Legacy (Baseline 2),cable,Cable (Referenz),1,2026-04-01T06:05:19.762Z,857.32,100,17.36,575.65,105.8,72.45,86.06,1230,42.37,97,2,95,42.37,17.28,1.79,19.09,0,0.0,100.80000001192091,221.2000000178814,13231,2.1,95.1
baseline2,Legacy (Baseline 2),cable,Cable (Referenz),2,2026-04-01T06:05:27.396Z,866.0,104,17.35,575.69,106.06,72.46,86.02,1213,38.16,96,2,94,38.16,17.28,1.79,19.1,0,0.0,124.0,205.9000000059605,13233,2.1,95.6
baseline2,Legacy (Baseline 2),cable,Cable (Referenz),3,2026-04-01T06:05:33.724Z,857.39,100,17.42,575.68,105.81,72.46,86.02,1187,38.17,96,2,94,38.17,17.28,1.79,19.1,0,0.0,95.0,179.30000001192093,13235,2.1,95.5
baseline2,Legacy (Baseline 2),cable,Cable (Referenz),4,2026-04-01T06:05:40.174Z,857.35,100,17.41,575.66,105.81,72.4,86.08,1173,38.2,96,2,94,38.2,17.31,1.79,19.1,0,0.0,84.5,165.2999999821186,13235,2.1,95.5
baseline2,Legacy (Baseline 2),cable,Cable (Referenz),5,2026-04-01T06:05:48.471Z,865.93,104,17.37,575.6,106.06,72.46,86.02,1378,38.15,96,2,94,38.15,17.27,1.79,19.1,0,0.0,136.59999999403954,221.2000000178814,13231,2.1,95.6
baseline2,Legacy (Baseline 2),cable,Cable (Referenz),6,2026-04-01T06:05:56.124Z,865.99,104,17.35,575.66,106.07,72.44,86.06,1204,39.45,96,2,94,39.45,17.29,3.01,19.15,0,0.0,90.30000001192091,196.80000001192093,13231,2.1,95.4
baseline2,Legacy (Baseline 2),cable,Cable (Referenz),7,2026-04-01T06:06:03.955Z,865.93,104,17.35,575.63,106.06,72.46,86.02,1201,38.16,96,2,94,38.16,17.27,1.79,19.1,0,0.0,110.09999999403954,192.7999999821186,13231,2.1,95.6
baseline2,Legacy (Baseline 2),cable,Cable (Referenz),8,2026-04-01T06:06:10.476Z,857.36,100,17.34,575.69,105.81,72.46,86.07,1209,39.37,96,2,94,39.37,17.26,3.01,19.1,0,0.0,85.7000000178814,200.7000000178814,13231,2.1,95.4
baseline2,Legacy (Baseline 2),cable,Cable (Referenz),9,2026-04-01T06:06:18.357Z,865.93,104,17.41,575.59,106.05,72.4,86.08,1215,39.61,96,2,94,39.61,17.35,3.16,19.1,0,0.0,91.39999997615814,207.5,13235,2.1,95.4
baseline2,Legacy (Baseline 2),cable,Cable (Referenz),10,2026-04-01T06:06:24.964Z,857.28,100,17.41,575.55,105.8,72.45,86.07,1219,43.73,97,2,95,43.73,17.28,3.16,19.1,0,0.0,85.80000001192093,204.80000001192093,13233,2.1,94.9
baseline2,Legacy (Baseline 2),cable,Cable (Referenz),11,2026-04-01T06:06:32.916Z,866.16,105,17.35,575.55,106.31,72.46,86.08,1200,39.6,96,2,94,39.6,17.34,3.16,19.1,0,0.0,92.2999999821186,192.4000000059605,13233,2.1,95.4
baseline2,Legacy (Baseline 2),cable,Cable (Referenz),12,2026-04-01T06:06:40.880Z,865.87,104,17.35,575.59,106.06,72.45,86.02,1320,40.21,96,2,94,40.21,17.28,3.84,19.1,0,0.0,82.09999999403954,195.5,13233,2.1,95.4
baseline2,Legacy (Baseline 2),cable,Cable (Referenz),13,2026-04-01T06:06:47.360Z,857.18,100,17.34,575.55,105.8,72.47,86.01,1316,46.47,97,2,95,46.47,17.27,5.89,19.1,0,0.0,120.2999999821186,307.0,13231,2.1,94.6
baseline2,Legacy (Baseline 2),cable,Cable (Referenz),14,2026-04-01T06:06:55.479Z,865.82,104,17.33,575.51,106.07,72.43,86.07,1198,38.16,96,2,94,38.16,17.26,1.79,19.11,0,0.0,106.5,188.69999998807907,13235,2.1,95.6
baseline2,Legacy (Baseline 2),cable,Cable (Referenz),15,2026-04-01T06:07:03.568Z,865.82,104,17.35,575.53,106.06,72.4,86.07,1315,38.9,96,2,94,38.9,17.33,2.47,19.1,0,0.0,124.0,306.19999998807907,13235,2.1,95.5
baseline2,Legacy (Baseline 2),cable,Cable (Referenz),16,2026-04-01T06:07:10.020Z,857.13,100,17.37,575.53,105.82,72.45,85.96,1256,43.06,97,2,95,43.06,17.29,2.47,19.1,0,0.0,143.09999999403954,248.09999999403956,13233,2.1,95.0
baseline2,Legacy (Baseline 2),cable,Cable (Referenz),17,2026-04-01T06:07:18.004Z,865.83,104,17.34,575.49,106.08,72.44,86.07,1189,38.18,96,2,94,38.18,17.29,1.79,19.1,0,0.0,102.59999999403954,180.5,13235,2.1,95.6
baseline2,Legacy (Baseline 2),cable,Cable (Referenz),18,2026-04-01T06:07:25.748Z,865.9,104,17.36,575.53,106.07,72.45,86.08,1199,38.15,96,2,94,38.15,17.27,1.79,19.1,0,0.0,106.09999999403954,191.0,13229,2.1,95.6
baseline2,Legacy (Baseline 2),cable,Cable (Referenz),19,2026-04-01T06:07:32.004Z,857.25,100,17.4,575.53,105.81,72.44,86.06,1155,38.15,96,2,94,38.15,17.27,1.78,19.1,0,0.0,73.90000000596046,148.09999999403954,13235,2.1,95.5
baseline2,Legacy (Baseline 2),cable,Cable (Referenz),20,2026-04-01T06:07:39.592Z,865.73,104,17.41,575.38,106.07,72.4,86.07,1191,38.18,96,2,94,38.18,17.28,1.79,19.11,0,0.0,102.0,183.4000000059605,13235,2.1,95.6
baseline2,Legacy (Baseline 2),cable,Cable (Referenz),21,2026-04-01T06:07:46.029Z,857.19,100,17.41,575.46,105.8,72.46,86.06,1262,42.88,97,2,95,42.88,17.25,2.33,19.09,0,0.0,90.19999998807909,253.0,13231,2.1,95.0
baseline2,Legacy (Baseline 2),cable,Cable (Referenz),22,2026-04-01T06:07:52.406Z,857.06,100,17.34,575.46,105.81,72.44,86.02,1290,42.89,97,2,95,42.89,17.27,2.33,19.09,0,0.0,76.09999999403954,278.0,13235,2.1,95.0
baseline2,Legacy (Baseline 2),cable,Cable (Referenz),23,2026-04-01T06:07:58.831Z,857.12,100,17.36,575.49,105.81,72.45,86.01,1212,38.66,96,2,94,38.66,17.24,2.33,19.1,0,0.0,79.89999997615814,200.30000001192093,13231,2.1,95.5
baseline2,Legacy (Baseline 2),cable,Cable (Referenz),24,2026-04-01T06:08:05.254Z,857.04,100,17.33,575.48,105.81,72.4,86.02,1210,38.18,96,2,94,38.18,17.29,1.79,19.11,0,0.0,86.5,166.30000001192093,13235,2.1,95.5
baseline2,Legacy (Baseline 2),cable,Cable (Referenz),25,2026-04-01T06:08:13.149Z,865.92,104,17.42,575.5,106.06,72.46,86.07,1197,39.37,96,2,94,39.37,17.26,3.01,19.09,0,0.0,74.10000002384186,189.09999999403956,13229,2.1,95.5
baseline2,Legacy (Baseline 2),cable,Cable (Referenz),26,2026-04-01T06:08:20.871Z,865.77,104,17.41,575.47,106.06,72.4,86.01,1178,38.15,96,2,94,38.15,17.27,1.79,19.09,0,0.0,89.69999998807907,171.40000000596046,13231,2.1,95.6
baseline2,Legacy (Baseline 2),cable,Cable (Referenz),27,2026-04-01T06:08:27.115Z,857.3,100,17.35,575.59,105.82,72.47,86.07,1169,42.38,97,2,95,42.38,17.28,1.79,19.1,0,0.0,84.40000000596046,162.2000000178814,13231,2.1,95.1
baseline2,Legacy (Baseline 2),cable,Cable (Referenz),28,2026-04-01T06:08:34.446Z,857.1,100,17.37,575.46,105.8,72.41,86.06,1164,42.35,97,2,95,42.35,17.26,1.79,19.1,0,0.0,78.89999997615814,156.39999997615814,13231,2.1,95.1
baseline2,Legacy (Baseline 2),cable,Cable (Referenz),29,2026-04-01T06:08:41.151Z,857.12,100,17.34,575.49,105.81,72.41,86.07,1258,38.15,96,2,94,38.15,17.26,1.79,19.1,0,0.0,166.0,249.69999998807907,13231,2.1,95.5
baseline2,Legacy (Baseline 2),cable,Cable (Referenz),30,2026-04-01T06:08:47.545Z,857.2,100,17.34,575.56,105.81,72.41,86.08,1250,42.36,97,2,95,42.36,17.26,1.79,19.1,0,0.0,138.59999999403954,218.60000002384183,13235,2.1,95.1
baseline2,Legacy (Baseline 2),cable,Cable (Referenz),31,2026-04-01T06:08:55.567Z,865.72,104,17.34,575.47,106.07,72.41,86.02,1438,38.91,96,2,94,38.91,17.34,2.47,19.1,0,0.0,320.5,429.3000000119209,13233,2.1,95.5
baseline2,Legacy (Baseline 2),cable,Cable (Referenz),32,2026-04-01T06:09:02.112Z,857.16,100,17.41,575.42,105.8,72.46,86.07,1360,38.86,96,2,94,38.86,17.28,2.47,19.1,0,0.0,130.2999999821186,291.19999998807907,13231,2.1,95.5
baseline2,Legacy (Baseline 2),cable,Cable (Referenz),33,2026-04-01T06:09:09.757Z,865.86,104,17.4,575.5,106.05,72.42,86.07,1193,38.15,96,2,94,38.15,17.26,1.79,19.1,0,0.0,102.10000002384186,185.2999999821186,13235,2.1,95.6
baseline2,Legacy (Baseline 2),cable,Cable (Referenz),34,2026-04-01T06:09:16.016Z,857.21,100,17.41,575.58,105.81,72.41,86.01,1175,38.13,96,2,94,38.13,17.25,1.79,19.1,0,0.0,88.69999998807907,167.5,13231,2.1,95.6
baseline2,Legacy (Baseline 2),cable,Cable (Referenz),35,2026-04-01T06:09:23.923Z,865.86,104,17.39,575.54,106.05,72.44,86.02,1176,38.17,96,2,94,38.17,17.29,1.79,19.09,0,0.0,86.2999999821186,168.69999998807907,13233,2.1,95.6
baseline2,Legacy (Baseline 2),cable,Cable (Referenz),36,2026-04-01T06:09:32.083Z,865.81,104,17.35,575.55,106.05,72.45,86.01,1178,38.14,96,2,94,38.14,17.26,1.79,19.09,0,0.0,95.2999999821186,170.19999998807907,13231,2.1,95.6
baseline2,Legacy (Baseline 2),cable,Cable (Referenz),37,2026-04-01T06:09:38.411Z,857.14,100,17.35,575.44,105.79,72.48,86.07,1182,38.15,96,2,94,38.15,17.27,1.79,19.1,0,0.0,90.40000000596046,173.5,13233,2.1,95.5
baseline2,Legacy (Baseline 2),cable,Cable (Referenz),38,2026-04-01T06:09:44.896Z,857.11,100,17.4,575.55,105.8,72.4,85.96,1341,42.34,97,2,95,42.34,17.26,1.79,19.09,0,0.0,251.69999998807907,334.0,13231,2.1,95.1
baseline2,Legacy (Baseline 2),cable,Cable (Referenz),39,2026-04-01T06:09:52.705Z,865.8,104,17.34,575.47,106.06,72.44,86.08,1171,38.22,96,2,94,38.22,17.33,1.79,19.1,0,0.0,80.0,162.19999998807907,13231,2.1,95.6
baseline2,Legacy (Baseline 2),cable,Cable (Referenz),40,2026-04-01T06:10:00.662Z,865.99,104,17.44,575.61,106.07,72.43,86.02,1212,38.16,96,2,94,38.16,17.27,1.79,19.1,0,0.0,92.2999999821186,176.69999998807907,13233,2.1,95.6
baseline2,Legacy (Baseline 2),cable,Cable (Referenz),41,2026-04-01T06:10:07.106Z,857.05,100,17.36,575.53,105.8,72.4,85.96,1245,38.84,96,2,94,38.84,17.28,2.47,19.09,0,0.0,67.10000002384186,236.59999999403956,13229,2.1,95.5
baseline2,Legacy (Baseline 2),cable,Cable (Referenz),42,2026-04-01T06:10:14.279Z,857.18,100,17.37,575.53,105.81,72.44,86.02,1098,42.44,97,2,95,42.44,17.35,1.79,19.11,0,0.0,86.09999999403954,233.80000001192093,13235,2.1,95.0
baseline2,Legacy (Baseline 2),cable,Cable (Referenz),43,2026-04-01T06:10:21.895Z,865.8,104,17.34,575.51,106.05,72.47,86.02,1234,38.22,96,2,94,38.22,17.34,1.79,19.1,0,0.0,142.80000001192093,226.8999999761581,13233,2.1,95.6
baseline2,Legacy (Baseline 2),cable,Cable (Referenz),44,2026-04-01T06:10:28.215Z,857.11,100,17.44,575.42,105.8,72.44,86.0,1181,42.35,97,2,95,42.35,17.26,1.79,19.1,0,0.0,91.90000000596046,175.2999999821186,13235,2.1,95.1
baseline2,Legacy (Baseline 2),cable,Cable (Referenz),45,2026-04-01T06:10:36.196Z,865.84,104,17.35,575.49,106.06,72.46,86.07,1201,38.16,96,2,94,38.16,17.29,1.79,19.09,0,0.0,106.5,192.30000001192093,13233,2.1,95.6
baseline2,Legacy (Baseline 2),cable,Cable (Referenz),46,2026-04-01T06:10:44.034Z,865.79,104,17.34,575.51,106.06,72.45,86.02,1189,38.21,96,2,94,38.21,17.33,1.79,19.1,0,0.0,78.60000002384186,164.0,13231,2.1,95.6
baseline2,Legacy (Baseline 2),cable,Cable (Referenz),47,2026-04-01T06:10:50.420Z,857.3,100,17.41,575.54,105.81,72.46,86.08,1214,38.16,96,2,94,38.16,17.27,1.79,19.1,0,0.0,122.2000000178814,206.4000000059605,13233,2.1,95.5
baseline2,Legacy (Baseline 2),cable,Cable (Referenz),48,2026-04-01T06:10:56.913Z,857.14,100,17.35,575.57,105.8,72.4,86.02,1298,40.67,96,2,94,40.67,17.35,1.79,17.34,0,0.0,81.40000000596046,288.40000000596046,13235,2.1,95.3
baseline2,Legacy (Baseline 2),cable,Cable (Referenz),49,2026-04-01T06:11:03.336Z,857.25,100,17.41,575.56,105.82,72.43,86.03,1253,38.49,97,2,95,38.49,17.35,1.79,19.1,0,0.25,153.39999997615814,237.59999999403956,13233,2.1,95.5
baseline2,Legacy (Baseline 2),cable,Cable (Referenz),50,2026-04-01T06:11:09.647Z,857.08,100,17.33,575.52,105.81,72.45,85.97,1189,38.86,96,2,94,38.86,17.28,2.47,19.1,0,0.0,76.7999999821186,179.7999999821186,13231,2.1,95.5
prototype,Kestrel-Kit (Prototyp),4g,4G (Mobil),1,2026-04-01T06:35:37.097Z,1264.79,135,14.98,755.38,236.75,25.88,231.79,3196,163.43,128,6,122,163.43,0.4,0.0,16.83,0,146.2,0.0,58.19999998807907,0,4.7,87.1
prototype,Kestrel-Kit (Prototyp),4g,4G (Mobil),2,2026-04-01T06:35:47.802Z,1395.4,145,15.0,755.4,236.87,25.89,362.24,2157,68.76,126,6,120,68.76,0.47,0.0,17.05,0,51.23,0.0999999940395355,65.09999999403954,0,4.8,95.1
prototype,Kestrel-Kit (Prototyp),4g,4G (Mobil),3,2026-04-01T06:35:59.912Z,1156.86,133,14.99,755.4,236.54,25.9,124.02,3211,156.86,130,6,124,156.86,0.47,0.0,17.19,0,139.21,0.0999999940395355,65.5,0,4.6,86.4
prototype,Kestrel-Kit (Prototyp),4g,4G (Mobil),4,2026-04-01T06:36:11.309Z,1428.17,140,14.98,755.49,237.27,25.9,394.54,3358,54.6,123,6,117,54.6,0.47,0.0,16.67,0,37.46,0.1000000238418579,65.5,0,4.9,96.2
prototype,Kestrel-Kit (Prototyp),4g,4G (Mobil),5,2026-04-01T06:36:21.728Z,1132.72,128,14.96,755.38,236.96,25.89,99.53,2667,159.48,131,6,125,159.48,0.47,0.0,17.24,0,141.77,0.0,67.2999999821186,0,4.6,85.9
prototype,Kestrel-Kit (Prototyp),4g,4G (Mobil),6,2026-04-01T06:36:33.289Z,1125.8,126,14.98,755.52,236.18,25.88,93.24,3478,99.65,124,6,118,99.65,0.4,0.68,16.56,0,82.01,0.0,178.0,0,4.8,91.1
prototype,Kestrel-Kit (Prototyp),4g,4G (Mobil),7,2026-04-01T06:36:46.267Z,1088.35,123,15.02,755.52,230.72,25.9,61.19,4187,12.07,119,6,113,12.07,0.47,0.68,10.92,0,0.0,0.0,104.0,0,5.0,98.9
prototype,Kestrel-Kit (Prototyp),4g,4G (Mobil),8,2026-04-01T06:36:58.625Z,1360.11,136,14.96,755.36,237.07,25.89,326.84,2805,162.47,123,6,117,162.47,0.4,0.68,17.28,0,144.1,0.0,98.0,0,4.9,88.1
prototype,Kestrel-Kit (Prototyp),4g,4G (Mobil),9,2026-04-01T06:37:09.931Z,1123.58,129,14.93,755.45,237.12,25.9,90.17,3285,122.0,125,6,119,122.0,0.4,0.0,16.78,0,104.82,0.0999999940395355,68.0,0,4.8,89.1
prototype,Kestrel-Kit (Prototyp),4g,4G (Mobil),10,2026-04-01T06:37:20.514Z,1313.46,143,14.97,755.59,237.19,25.9,279.81,2381,292.59,127,6,121,292.59,0.4,0.0,17.19,0,275.0,0.1000000238418579,58.29999998211861,0,4.7,77.7
prototype,Kestrel-Kit (Prototyp),4g,4G (Mobil),11,2026-04-01T06:37:31.339Z,1108.55,127,14.96,755.5,236.78,25.9,75.41,3103,117.01,128,6,122,117.01,0.47,0.0,16.96,0,99.58,0.0,65.59999999403954,0,4.7,89.4
prototype,Kestrel-Kit (Prototyp),4g,4G (Mobil),12,2026-04-01T06:37:42.012Z,1242.23,137,14.95,755.5,236.71,25.91,209.17,2197,154.01,126,6,120,154.01,0.47,0.0,17.47,0,136.07,0.0999999940395355,67.5,0,4.8,87.6
prototype,Kestrel-Kit (Prototyp),4g,4G (Mobil),13,2026-04-01T06:37:52.331Z,1211.4,132,15.03,755.42,237.04,25.89,178.02,2229,42.48,124,6,118,42.48,0.4,0.0,17.01,0,25.07,0.0999999940395355,68.0,0,4.8,96.5
prototype,Kestrel-Kit (Prototyp),4g,4G (Mobil),14,2026-04-01T06:38:03.091Z,1359.36,139,14.94,755.5,237.26,25.9,325.76,2183,234.05,127,6,121,234.05,0.4,0.69,16.59,0,216.38,0.0,92.0,0,4.7,82.8
prototype,Kestrel-Kit (Prototyp),4g,4G (Mobil),15,2026-04-01T06:38:13.928Z,1229.12,140,14.96,755.46,237.08,25.88,195.73,2263,94.74,126,6,120,94.74,0.4,2.07,16.56,0,75.71,0.199999988079071,99.19999998807909,0,4.8,92.3
prototype,Kestrel-Kit (Prototyp),4g,4G (Mobil),16,2026-04-01T06:38:23.736Z,1169.42,128,14.96,755.45,236.2,25.91,136.9,2176,68.74,125,6,119,68.74,0.4,1.37,16.87,0,50.09,0.0,96.0,0,4.8,94.1
prototype,Kestrel-Kit (Prototyp),4g,4G (Mobil),17,2026-04-01T06:38:33.081Z,1368.7,137,14.95,755.37,237.08,25.88,335.43,1508,95.43,126,6,120,95.43,0.47,0.0,16.72,0,78.24,0.0999999940395355,66.0,0,4.8,93.0
prototype,Kestrel-Kit (Prototyp),4g,4G (Mobil),18,2026-04-01T06:38:43.411Z,1181.11,132,14.93,755.55,237.0,25.9,147.73,2239,187.33,131,6,125,187.33,0.4,2.75,17.19,0,166.99,0.0,90.5,0,4.6,84.1
prototype,Kestrel-Kit (Prototyp),4g,4G (Mobil),19,2026-04-01T06:38:53.266Z,1122.75,127,14.97,755.35,236.84,25.88,89.71,2153,69.88,125,6,119,69.88,0.47,0.0,16.87,0,52.54,0.0999999940395355,65.60000002384186,0,4.8,93.8
prototype,Kestrel-Kit (Prototyp),4g,4G (Mobil),20,2026-04-01T06:39:03.637Z,1233.66,132,15.04,755.41,236.35,25.9,200.97,2417,44.87,124,6,118,44.87,0.47,2.07,16.78,0,25.55,0.0,95.40000000596046,0,4.8,96.4
prototype,Kestrel-Kit (Prototyp),4g,4G (Mobil),21,2026-04-01T06:39:14.918Z,1182.26,132,14.94,755.32,236.54,25.91,149.56,2791,186.13,128,6,122,186.13,0.4,1.37,17.07,0,167.3,0.1000000238418579,100.39999997615814,0,4.7,84.3
prototype,Kestrel-Kit (Prototyp),4g,4G (Mobil),22,2026-04-01T06:39:25.648Z,1357.6,135,14.96,755.28,236.3,25.9,325.16,2170,157.07,123,6,117,157.07,0.4,1.38,16.78,0,138.52,0.0,67.2999999821186,0,4.9,88.4
prototype,Kestrel-Kit (Prototyp),4g,4G (Mobil),23,2026-04-01T06:39:35.211Z,1127.29,127,14.96,755.41,236.76,25.9,94.26,1507,116.19,125,6,119,116.19,0.4,0.68,16.8,0,98.31,0.0999999940395355,94.2000000178814,0,4.8,89.7
prototype,Kestrel-Kit (Prototyp),4g,4G (Mobil),24,2026-04-01T06:39:44.757Z,1261.63,129,14.98,755.49,237.04,25.88,228.23,1401,43.58,120,6,114,43.58,0.4,0.68,17.01,0,25.49,0.1000000238418579,93.69999998807909,0,5.0,96.5
prototype,Kestrel-Kit (Prototyp),4g,4G (Mobil),25,2026-04-01T06:39:54.871Z,1131.7,128,14.99,755.26,236.24,25.89,99.32,2393,136.17,130,6,124,136.17,0.47,0.68,17.32,0,117.7,0.0999999940395355,91.90000000596046,0,4.6,88.0
prototype,Kestrel-Kit (Prototyp),4g,4G (Mobil),26,2026-04-01T06:40:06.920Z,1245.17,132,15.02,755.58,236.4,25.9,212.28,4020,56.39,125,6,119,56.39,0.4,0.68,16.62,0,38.7,0.0999999940395355,65.09999999403954,0,4.8,95.5
prototype,Kestrel-Kit (Prototyp),4g,4G (Mobil),27,2026-04-01T06:40:18.442Z,1148.76,131,14.94,755.46,236.32,25.89,116.15,2285,97.9,126,6,120,97.9,0.4,0.0,16.65,0,80.85,0.0,67.40000000596046,0,4.8,91.5
prototype,Kestrel-Kit (Prototyp),4g,4G (Mobil),28,2026-04-01T06:40:29.243Z,1145.17,129,14.96,755.4,236.44,25.89,112.48,2376,108.9,127,6,121,108.9,0.4,1.37,16.83,0,90.31,0.0999999940395355,64.2999999821186,0,4.7,90.5
prototype,Kestrel-Kit (Prototyp),4g,4G (Mobil),29,2026-04-01T06:40:39.969Z,1162.62,128,14.96,755.33,236.53,25.88,129.93,3150,135.86,126,6,120,135.86,0.47,0.0,16.66,0,118.73,0.0,66.5,0,4.8,88.3
prototype,Kestrel-Kit (Prototyp),4g,4G (Mobil),30,2026-04-01T06:40:51.279Z,1187.27,134,15.02,755.4,236.5,25.89,154.47,2362,122.7,130,6,124,122.7,0.47,1.38,16.71,0,104.14,0.0,66.59999999403954,0,4.6,89.7
prototype,Kestrel-Kit (Prototyp),4g,4G (Mobil),31,2026-04-01T06:41:02.765Z,1322.52,133,14.97,755.4,237.06,25.89,289.2,2141,66.57,121,6,115,66.57,0.4,2.07,16.81,0,47.3,0.0999999940395355,58.099999994039536,0,5.0,95.0
prototype,Kestrel-Kit (Prototyp),4g,4G (Mobil),32,2026-04-01T06:41:14.109Z,1143.74,128,14.97,755.38,236.62,25.91,110.86,3212,258.79,127,6,121,258.79,0.4,1.38,16.4,0,240.61,0.0999999940395355,66.89999997615814,0,4.7,77.4
prototype,Kestrel-Kit (Prototyp),4g,4G (Mobil),33,2026-04-01T06:41:25.664Z,1108.2,127,14.98,755.36,236.5,25.88,75.48,2922,112.4,124,6,118,112.4,0.4,1.38,16.41,0,94.22,0.0,63.0,0,4.8,89.9
prototype,Kestrel-Kit (Prototyp),4g,4G (Mobil),34,2026-04-01T06:41:38.154Z,1233.02,131,15.09,755.28,236.41,25.88,200.36,3382,89.66,130,6,124,89.66,0.4,0.0,16.91,0,72.35,0.1000000238418579,67.7000000178814,0,4.6,92.7
prototype,Kestrel-Kit (Prototyp),4g,4G (Mobil),35,2026-04-01T06:41:51.772Z,1088.28,123,15.05,755.43,230.72,25.89,61.18,4760,236.0,136,6,130,236.0,0.4,0.68,16.8,0,218.12,0.0999999940395355,67.2000000178814,0,4.4,78.3
prototype,Kestrel-Kit (Prototyp),4g,4G (Mobil),36,2026-04-01T06:42:03.316Z,1238.42,130,14.99,755.4,236.78,25.89,205.37,2444,177.74,125,6,119,177.74,0.4,2.06,16.34,0,158.94,0.0,93.90000000596046,0,4.8,85.6
prototype,Kestrel-Kit (Prototyp),4g,4G (Mobil),37,2026-04-01T06:42:13.988Z,1111.29,128,14.96,755.28,237.06,25.89,78.1,2162,25.11,121,6,115,25.11,0.4,0.68,16.84,0,7.19,0.0,49.69999998807907,0,5.0,97.7
prototype,Kestrel-Kit (Prototyp),4g,4G (Mobil),38,2026-04-01T06:42:23.562Z,1105.85,128,15.0,755.25,236.47,25.89,73.24,1589,103.55,126,6,120,103.55,0.47,0.68,16.89,0,85.51,0.0,88.5,0,4.8,90.6
prototype,Kestrel-Kit (Prototyp),4g,4G (Mobil),39,2026-04-01T06:42:34.951Z,1236.36,134,15.04,755.3,236.83,25.9,203.29,3031,181.07,129,6,123,181.07,0.4,0.68,17.04,0,162.96,0.0999999940395355,69.59999999403954,0,4.7,85.4
prototype,Kestrel-Kit (Prototyp),4g,4G (Mobil),40,2026-04-01T06:42:48.717Z,1207.65,129,15.03,755.33,237.08,25.88,174.34,4368,11.57,120,6,114,11.57,0.4,0.0,11.17,0,0.0,0.1000000238418579,65.59999999403954,0,5.0,99.0
prototype,Kestrel-Kit (Prototyp),4g,4G (Mobil),41,2026-04-01T06:43:02.178Z,1188.04,133,15.05,755.37,236.93,25.9,154.79,3921,11.32,119,6,113,11.32,0.4,0.0,10.92,0,0.0,0.0,64.80000001192093,0,5.0,99.0
prototype,Kestrel-Kit (Prototyp),4g,4G (Mobil),42,2026-04-01T06:43:13.901Z,1209.25,132,14.99,755.48,236.94,25.88,175.96,2419,77.34,125,6,119,77.34,0.4,2.06,16.86,0,58.01,0.1000000238418579,124.5,0,4.8,93.6
prototype,Kestrel-Kit (Prototyp),4g,4G (Mobil),43,2026-04-01T06:43:24.721Z,1159.93,128,14.95,755.44,236.39,25.91,127.24,2436,124.05,124,6,118,124.05,0.4,2.06,16.61,0,104.99,0.0,104.90000000596046,0,4.8,89.3
prototype,Kestrel-Kit (Prototyp),4g,4G (Mobil),44,2026-04-01T06:43:35.767Z,1139.0,129,14.96,755.42,236.63,25.9,106.09,2973,106.18,127,6,121,106.18,0.47,0.69,16.78,0,88.24,0.0,96.5,0,4.7,90.7
prototype,Kestrel-Kit (Prototyp),4g,4G (Mobil),45,2026-04-01T06:43:45.303Z,1164.11,129,14.99,755.4,236.88,25.91,130.92,1507,51.78,122,6,116,51.78,0.4,3.42,16.7,0,31.26,0.0999999940395355,119.7999999821186,0,4.9,95.6
prototype,Kestrel-Kit (Prototyp),4g,4G (Mobil),46,2026-04-01T06:43:57.609Z,1283.51,138,14.96,754.31,236.53,25.91,251.81,3521,75.42,126,6,120,75.42,0.4,2.05,17.03,0,55.95,0.0,352.0,0,4.8,94.1
prototype,Kestrel-Kit (Prototyp),4g,4G (Mobil),47,2026-04-01T06:44:07.668Z,1131.33,129,15.0,755.31,236.89,25.88,98.25,1409,48.18,122,6,116,48.18,0.4,0.68,16.76,0,30.34,0.0999999940395355,106.90000000596046,0,4.9,95.7
prototype,Kestrel-Kit (Prototyp),4g,4G (Mobil),48,2026-04-01T06:44:17.678Z,1172.69,130,14.97,755.28,236.7,25.89,139.85,2148,98.23,125,6,119,98.23,0.4,0.0,16.95,0,80.89,0.0999999940395355,63.900000005960464,0,4.8,91.6
prototype,Kestrel-Kit (Prototyp),4g,4G (Mobil),49,2026-04-01T06:44:28.181Z,1323.16,132,14.99,755.31,236.87,25.89,290.11,2378,110.83,126,6,120,110.83,0.4,0.0,16.5,0,93.94,0.0,66.30000001192093,0,4.8,91.6
prototype,Kestrel-Kit (Prototyp),4g,4G (Mobil),50,2026-04-01T06:44:38.345Z,1338.12,137,14.95,755.36,236.52,25.91,305.38,2157,345.92,125,6,119,345.92,0.47,0.0,16.88,0,328.57,0.0,65.90000000596046,0,4.8,74.1
baseline,Legacy (Baseline 1),4g,4G (Mobil),1,2026-04-01T07:07:58.349Z,838.03,100,18.51,566.52,106.06,61.13,77.38,1250,39.36,94,2,92,39.36,18.48,1.79,19.09,0,0.0,160.5,242.4000000059605,14452,2.1,95.3
baseline,Legacy (Baseline 1),4g,4G (Mobil),2,2026-04-01T07:08:06.828Z,837.96,100,18.42,566.49,106.07,61.18,77.39,1371,39.86,94,2,92,39.86,18.42,2.33,19.11,0,0.0,185.59999999403956,362.09999999403954,14452,2.1,95.2
baseline,Legacy (Baseline 1),4g,4G (Mobil),3,2026-04-01T07:08:15.247Z,837.99,100,18.45,566.51,106.07,61.18,77.38,1319,39.31,94,2,92,39.31,18.43,1.79,19.1,0,0.0,228.3999999761581,311.09999999403954,14445,2.1,95.3
baseline,Legacy (Baseline 1),4g,4G (Mobil),4,2026-04-01T07:08:23.676Z,838.02,100,18.48,566.54,106.07,61.13,77.38,1306,40.05,94,2,92,40.05,18.47,2.48,19.1,0,0.0,182.5,298.0,14446,2.1,95.2
baseline,Legacy (Baseline 1),4g,4G (Mobil),5,2026-04-01T07:08:32.235Z,838.28,101,18.43,566.48,106.32,61.25,77.38,1257,39.35,94,2,92,39.35,18.45,1.79,19.11,0,0.0,167.0,248.7000000178814,14449,2.1,95.3
baseline,Legacy (Baseline 1),4g,4G (Mobil),6,2026-04-01T07:08:40.608Z,837.97,100,18.43,566.54,106.07,61.13,77.38,1297,39.39,94,2,92,39.39,18.5,1.79,19.1,0,0.0,205.60000002384183,288.19999998807907,14454,2.1,95.3
baseline,Legacy (Baseline 1),4g,4G (Mobil),7,2026-04-01T07:08:49.476Z,838.3,101,18.51,566.51,106.32,61.18,77.38,1298,39.34,94,2,92,39.34,18.44,1.79,19.1,0,0.0,211.69999998807907,292.09999999403954,14452,2.1,95.3
baseline,Legacy (Baseline 1),4g,4G (Mobil),8,2026-04-01T07:09:07.252Z,842.05,100,18.49,566.53,105.81,61.23,77.39,1500,41.4,94,2,92,41.4,18.46,3.84,19.1,0,0.0,387.3000000119209,492.59999999403954,14455,2.1,95.1
baseline,Legacy (Baseline 1),4g,4G (Mobil),9,2026-04-01T07:09:15.543Z,838.0,100,18.4,566.55,106.06,61.18,77.38,1327,39.32,94,2,92,39.32,18.42,1.79,19.1,0,0.0,236.30000001192093,318.7000000178814,14455,2.1,95.3
baseline,Legacy (Baseline 1),4g,4G (Mobil),10,2026-04-01T07:09:23.802Z,837.96,100,18.44,566.52,106.08,61.13,77.38,1253,39.38,94,2,92,39.38,18.48,1.79,19.11,0,0.0,166.19999998807907,245.9000000059605,14456,2.1,95.3
baseline,Legacy (Baseline 1),4g,4G (Mobil),11,2026-04-01T07:09:32.107Z,837.98,100,18.43,566.49,106.07,61.19,77.39,1239,39.4,94,2,92,39.4,18.5,1.79,19.1,0,0.0,147.19999998807907,230.09999999403956,14455,2.1,95.3
baseline,Legacy (Baseline 1),4g,4G (Mobil),12,2026-04-01T07:09:40.335Z,837.97,100,18.5,566.46,106.08,61.13,77.38,1281,39.31,94,2,92,39.31,18.42,1.79,19.1,0,0.0,190.9000000059605,274.19999998807907,14450,2.1,95.3
baseline,Legacy (Baseline 1),4g,4G (Mobil),13,2026-04-01T07:09:58.009Z,841.93,100,18.44,566.46,105.81,61.24,77.38,1307,39.35,94,2,92,39.35,18.46,1.79,19.1,0,0.0,214.5,298.89999997615814,14454,2.1,95.3
baseline,Legacy (Baseline 1),4g,4G (Mobil),14,2026-04-01T07:10:16.655Z,842.28,102,18.42,566.52,106.09,61.23,77.39,1280,39.34,94,2,92,39.34,18.44,1.79,19.11,0,0.0,189.2999999821186,273.09999999403954,14450,2.1,95.3
baseline,Legacy (Baseline 1),4g,4G (Mobil),15,2026-04-01T07:10:34.382Z,842.04,100,18.44,566.54,105.82,61.23,77.39,1280,39.34,94,2,92,39.34,18.44,1.79,19.11,0,0.0,187.3999999761581,271.39999997615814,14451,2.1,95.3
baseline,Legacy (Baseline 1),4g,4G (Mobil),16,2026-04-01T07:10:51.981Z,841.86,100,18.42,566.48,105.82,61.14,77.39,1358,40.7,94,2,92,40.7,18.44,3.16,19.1,0,0.0,198.09999999403956,351.69999998807907,14458,2.1,95.2
baseline,Legacy (Baseline 1),4g,4G (Mobil),17,2026-04-01T07:11:09.628Z,842.0,100,18.45,566.54,105.82,61.19,77.38,1301,40.02,94,2,92,40.02,18.44,2.48,19.11,0,0.0,185.30000001192093,293.7000000178814,14452,2.1,95.2
baseline,Legacy (Baseline 1),4g,4G (Mobil),18,2026-04-01T07:11:27.383Z,841.91,100,18.45,566.47,105.81,61.18,77.39,1415,40.69,94,2,92,40.69,18.42,3.16,19.11,0,0.0,273.90000000596046,405.8000000119209,14456,2.1,95.2
baseline,Legacy (Baseline 1),4g,4G (Mobil),19,2026-04-01T07:11:45.068Z,841.94,100,18.44,566.53,105.82,61.14,77.39,1298,40.05,94,2,92,40.05,18.46,2.48,19.11,0,0.0,182.5,290.90000000596046,14450,2.1,95.2
baseline,Legacy (Baseline 1),4g,4G (Mobil),20,2026-04-01T07:12:02.786Z,841.93,100,18.48,566.47,105.81,61.18,77.38,1381,39.34,94,2,92,39.34,18.44,1.79,19.11,0,0.0,290.0,374.0,14452,2.1,95.3
baseline,Legacy (Baseline 1),4g,4G (Mobil),21,2026-04-01T07:12:20.703Z,841.87,100,18.42,566.5,105.81,61.13,77.38,1494,40.57,94,2,92,40.57,18.44,3.02,19.11,0,0.0,362.09999999403954,486.3999999761581,14454,2.1,95.2
baseline,Legacy (Baseline 1),4g,4G (Mobil),22,2026-04-01T07:12:28.939Z,837.98,100,18.49,566.49,106.07,61.14,77.38,1380,41.24,94,2,92,41.24,18.43,3.7,19.11,0,0.0,172.10000002384186,372.7000000178814,14451,2.1,95.1
baseline,Legacy (Baseline 1),4g,4G (Mobil),23,2026-04-01T07:12:37.657Z,837.9,100,18.49,566.44,106.07,61.1,77.39,1610,40.57,94,2,92,40.57,18.45,3.02,19.11,0,0.0,523.3999999761581,644.7000000178814,14453,2.1,95.2
baseline,Legacy (Baseline 1),4g,4G (Mobil),24,2026-04-01T07:12:45.942Z,837.97,100,18.41,566.56,106.07,61.14,77.39,1291,39.34,94,2,92,39.34,18.44,1.79,19.1,0,0.0,200.30000001192093,283.30000001192093,14452,2.1,95.3
baseline,Legacy (Baseline 1),4g,4G (Mobil),25,2026-04-01T07:12:54.338Z,837.96,100,18.45,566.52,106.06,61.13,77.38,1332,39.35,94,2,92,39.35,18.46,1.79,19.1,0,0.0,244.0,325.40000000596046,14454,2.1,95.3
baseline,Legacy (Baseline 1),4g,4G (Mobil),26,2026-04-01T07:13:02.591Z,837.99,100,18.43,566.55,106.07,61.13,77.39,1292,39.9,94,2,92,39.9,18.46,2.33,19.1,0,0.0,171.7999999821186,284.40000000596046,14456,2.1,95.2
baseline,Legacy (Baseline 1),4g,4G (Mobil),27,2026-04-01T07:13:10.990Z,837.9,100,18.44,566.46,106.06,61.14,77.39,1300,40.62,94,2,92,40.62,18.5,3.02,19.1,0,0.0,175.90000000596046,291.7000000178814,14451,2.1,95.2
baseline,Legacy (Baseline 1),4g,4G (Mobil),28,2026-04-01T07:13:19.346Z,837.97,100,18.45,566.56,106.07,61.1,77.38,1338,39.31,94,2,92,39.31,18.41,1.79,19.11,0,0.0,248.5,331.19999998807907,14458,2.1,95.3
baseline,Legacy (Baseline 1),4g,4G (Mobil),29,2026-04-01T07:13:27.755Z,838.02,100,18.44,566.58,106.07,61.13,77.39,1317,40.08,94,2,92,40.08,18.5,2.48,19.11,0,0.0,197.59999999403956,308.80000001192093,14456,2.1,95.2
baseline,Legacy (Baseline 1),4g,4G (Mobil),30,2026-04-01T07:13:36.135Z,837.96,100,18.45,566.52,106.07,61.13,77.38,1443,39.33,94,2,92,39.33,18.43,1.79,19.1,0,0.0,189.59999999403956,270.59999999403954,14452,2.1,95.3
baseline,Legacy (Baseline 1),4g,4G (Mobil),31,2026-04-01T07:13:44.471Z,838.0,100,18.49,566.5,106.07,61.13,77.38,1357,39.85,94,2,92,39.85,18.42,2.33,19.1,0,0.0,151.90000000596046,348.19999998807907,14449,2.1,95.2
baseline,Legacy (Baseline 1),4g,4G (Mobil),32,2026-04-01T07:13:52.866Z,837.92,100,18.43,566.48,106.08,61.13,77.39,1364,40.02,94,2,92,40.02,18.43,2.48,19.11,0,0.0,157.0,354.2999999821186,14451,2.1,95.2
baseline,Legacy (Baseline 1),4g,4G (Mobil),33,2026-04-01T07:14:01.448Z,837.87,100,18.41,566.51,106.06,61.09,77.39,1311,39.99,94,2,92,39.99,18.41,2.48,19.1,0,0.0,196.2000000178814,304.40000000596046,14454,2.1,95.2
baseline,Legacy (Baseline 1),4g,4G (Mobil),34,2026-04-01T07:14:09.699Z,837.99,100,18.42,566.52,106.07,61.18,77.39,1308,40.08,94,2,92,40.08,18.5,2.48,19.11,0,0.0,190.30000001192093,299.5,14453,2.1,95.2
baseline,Legacy (Baseline 1),4g,4G (Mobil),35,2026-04-01T07:14:18.142Z,838.03,100,18.53,566.5,106.08,61.13,77.39,1297,40.04,94,2,92,40.04,18.46,2.48,19.11,0,0.0,177.69999998807907,289.39999997615814,14452,2.1,95.2
baseline,Legacy (Baseline 1),4g,4G (Mobil),36,2026-04-01T07:14:26.489Z,837.96,100,18.46,566.49,106.06,61.15,77.39,1278,41.4,94,2,92,41.4,18.46,3.84,19.1,0,0.0,158.2000000178814,270.30000001192093,14452,2.1,95.1
baseline,Legacy (Baseline 1),4g,4G (Mobil),37,2026-04-01T07:14:34.854Z,837.98,100,18.51,566.47,106.06,61.15,77.39,1288,40.01,94,2,92,40.01,18.43,2.48,19.1,0,0.0,175.30000001192093,281.59999999403954,14449,2.1,95.2
baseline,Legacy (Baseline 1),4g,4G (Mobil),38,2026-04-01T07:14:43.228Z,837.97,100,18.46,566.51,106.07,61.13,77.39,1284,39.31,94,2,92,39.31,18.42,1.79,19.1,0,0.0,197.5,277.59999999403954,14452,2.1,95.3
baseline,Legacy (Baseline 1),4g,4G (Mobil),39,2026-04-01T07:14:51.799Z,837.95,100,18.46,566.49,106.06,61.13,77.39,1273,39.37,94,2,92,39.37,18.46,1.79,19.11,0,0.0,183.0,263.89999997615814,14451,2.1,95.3
baseline,Legacy (Baseline 1),4g,4G (Mobil),40,2026-04-01T07:15:00.035Z,837.96,100,18.45,566.51,106.07,61.14,77.38,1260,39.4,94,2,92,39.4,18.5,1.79,19.11,0,0.0,172.80000001192093,253.4000000059605,14454,2.1,95.3
baseline,Legacy (Baseline 1),4g,4G (Mobil),41,2026-04-01T07:15:08.564Z,837.97,100,18.42,566.49,106.07,61.18,77.39,1294,39.35,94,2,92,39.35,18.45,1.79,19.11,0,0.0,203.69999998807907,285.80000001192093,14455,2.1,95.3
baseline,Legacy (Baseline 1),4g,4G (Mobil),42,2026-04-01T07:15:16.780Z,837.99,100,18.48,566.5,106.06,61.14,77.39,1266,39.37,94,2,92,39.37,18.47,1.79,19.11,0,0.0,179.0,258.7000000178814,14455,2.1,95.3
baseline,Legacy (Baseline 1),4g,4G (Mobil),43,2026-04-01T07:15:25.018Z,837.94,100,18.45,566.54,106.07,61.09,77.39,1255,39.37,94,2,92,39.37,18.47,1.79,19.11,0,0.0,164.5,244.30000001192093,14450,2.1,95.3
baseline,Legacy (Baseline 1),4g,4G (Mobil),44,2026-04-01T07:15:33.740Z,838.27,101,18.5,566.51,106.31,61.15,77.38,1335,39.35,94,2,92,39.35,18.46,1.79,19.1,0,0.0,250.4000000059605,328.5,14454,2.1,95.3
baseline,Legacy (Baseline 1),4g,4G (Mobil),45,2026-04-01T07:15:41.979Z,838.15,100,18.55,566.56,106.06,61.18,77.39,1276,39.39,94,2,92,39.39,18.5,1.79,19.1,0,0.0,159.30000001192093,243.4000000059605,14456,2.1,95.3
baseline,Legacy (Baseline 1),4g,4G (Mobil),46,2026-04-01T07:15:50.343Z,837.93,100,18.42,566.5,106.07,61.14,77.39,1255,39.4,94,2,92,39.4,18.51,1.79,19.1,0,0.0,164.7999999821186,248.09999999403956,14453,2.1,95.3
baseline,Legacy (Baseline 1),4g,4G (Mobil),47,2026-04-01T07:15:58.768Z,837.99,100,18.46,566.52,106.06,61.14,77.39,1282,40.03,94,2,92,40.03,18.44,2.48,19.11,0,0.0,170.90000000596046,273.19999998807907,14456,2.1,95.2
baseline,Legacy (Baseline 1),4g,4G (Mobil),48,2026-04-01T07:16:07.158Z,837.98,100,18.45,566.52,106.07,61.13,77.39,1328,39.32,94,2,92,39.32,18.42,1.79,19.11,0,0.0,241.0,322.0,14455,2.1,95.3
baseline,Legacy (Baseline 1),4g,4G (Mobil),49,2026-04-01T07:16:15.430Z,838.08,100,18.52,566.51,106.13,61.13,77.39,1368,40.03,94,2,92,40.03,18.45,2.48,19.1,0,0.0,176.40000000596046,357.69999998807907,14452,2.1,95.2
baseline,Legacy (Baseline 1),4g,4G (Mobil),50,2026-04-01T07:16:24.077Z,838.3,101,18.44,566.6,106.33,61.13,77.39,1412,40.03,94,2,92,40.03,18.45,2.48,19.11,0,0.0,182.69999998807907,291.09999999403954,14451,2.1,95.2
baseline2,Legacy (Baseline 2),4g,4G (Mobil),1,2026-04-01T07:39:10.761Z,865.9,104,17.37,575.72,106.06,72.37,85.96,1371,38.19,96,2,94,38.19,17.31,1.78,19.09,0,0.0,108.2999999821186,191.9000000059605,13248,2.1,95.6
baseline2,Legacy (Baseline 2),4g,4G (Mobil),2,2026-04-01T07:39:19.047Z,865.98,104,17.36,575.78,106.05,72.4,85.97,1219,38.2,96,2,94,38.2,17.33,1.78,19.09,0,0.0,76.2999999821186,212.59999999403956,13248,2.1,95.6
baseline2,Legacy (Baseline 2),4g,4G (Mobil),3,2026-04-01T07:39:27.061Z,865.83,104,17.38,575.66,106.05,72.36,85.97,1191,38.15,96,2,94,38.15,17.28,1.78,19.09,0,0.0,99.59999999403954,184.0,13246,2.1,95.6
baseline2,Legacy (Baseline 2),4g,4G (Mobil),4,2026-04-01T07:39:35.177Z,865.78,104,17.36,575.64,106.06,72.35,85.96,1189,39.56,96,2,94,39.56,17.32,3.15,19.09,0,0.0,72.10000002384186,179.59999999403954,13248,2.1,95.4
baseline2,Legacy (Baseline 2),4g,4G (Mobil),5,2026-04-01T07:39:43.653Z,865.8,104,17.35,575.7,106.05,72.32,85.97,1173,38.17,96,2,94,38.17,17.29,1.78,19.09,0,0.0,81.2999999821186,165.09999999403954,13246,2.1,95.6
baseline2,Legacy (Baseline 2),4g,4G (Mobil),6,2026-04-01T07:39:51.851Z,865.88,104,17.39,575.7,106.06,72.35,85.97,1177,38.18,96,2,94,38.18,17.3,1.78,19.1,0,0.0,86.2000000178814,169.59999999403954,13250,2.1,95.6
baseline2,Legacy (Baseline 2),4g,4G (Mobil),7,2026-04-01T07:40:00.228Z,865.84,104,17.37,575.69,106.05,72.35,85.97,1194,38.2,96,2,94,38.2,17.32,1.78,19.09,0,0.0,102.09999999403954,186.0,13246,2.1,95.6
baseline2,Legacy (Baseline 2),4g,4G (Mobil),8,2026-04-01T07:40:08.424Z,865.8,104,17.36,575.66,106.04,72.36,85.97,1240,38.88,96,2,94,38.88,17.33,2.47,19.09,0,0.0,120.5,233.2999999821186,13248,2.1,95.5
baseline2,Legacy (Baseline 2),4g,4G (Mobil),9,2026-04-01T07:40:16.783Z,865.91,104,17.37,575.7,106.06,72.39,85.97,1255,38.17,96,2,94,38.17,17.28,1.78,19.1,0,0.0,164.89999997615814,247.10000002384183,13248,2.1,95.6
baseline2,Legacy (Baseline 2),4g,4G (Mobil),10,2026-04-01T07:40:24.957Z,866.0,104,17.45,575.74,106.06,72.37,85.97,1175,38.19,96,2,94,38.19,17.31,1.78,19.09,0,0.0,82.69999998807907,166.19999998807907,13250,2.1,95.6
baseline2,Legacy (Baseline 2),4g,4G (Mobil),11,2026-04-01T07:40:33.127Z,865.87,104,17.38,575.73,106.06,72.32,85.96,1161,38.18,96,2,94,38.18,17.29,1.78,19.1,0,0.0,71.40000000596046,154.39999997615814,13250,2.1,95.6
baseline2,Legacy (Baseline 2),4g,4G (Mobil),12,2026-04-01T07:40:41.414Z,865.82,104,17.37,575.66,106.05,72.36,85.97,1263,38.18,96,2,94,38.18,17.31,1.78,19.09,0,0.0,74.30000001192093,155.90000000596046,13246,2.1,95.6
baseline2,Legacy (Baseline 2),4g,4G (Mobil),13,2026-04-01T07:40:49.608Z,865.83,104,17.34,575.67,106.06,72.37,85.97,1188,38.27,96,2,94,38.27,17.39,1.78,19.1,0,0.0,93.7000000178814,179.80000001192093,13246,2.1,95.6
baseline2,Legacy (Baseline 2),4g,4G (Mobil),14,2026-04-01T07:40:57.959Z,865.94,104,17.44,575.68,106.05,72.41,85.96,1183,38.22,96,2,94,38.22,17.35,1.78,19.09,0,0.0,87.59999999403954,168.59999999403954,13246,2.1,95.6
baseline2,Legacy (Baseline 2),4g,4G (Mobil),15,2026-04-01T07:41:08.029Z,866.21,105,17.39,575.73,106.31,72.41,85.96,2884,47.54,99,2,97,47.54,17.3,2.47,19.35,0,0.0,75.60000002384186,184.4000000059605,13250,2.0,94.5
baseline2,Legacy (Baseline 2),4g,4G (Mobil),16,2026-04-01T07:41:16.635Z,865.85,104,17.34,575.7,106.07,72.36,85.97,1208,38.17,96,2,94,38.17,17.29,1.78,19.09,0,0.0,114.59999999403954,199.9000000059605,13250,2.1,95.6
baseline2,Legacy (Baseline 2),4g,4G (Mobil),17,2026-04-01T07:41:24.967Z,865.9,104,17.38,575.69,106.06,72.4,85.96,1281,38.86,96,2,94,38.86,17.29,2.47,19.1,0,0.0,162.90000000596046,274.0,13248,2.1,95.5
baseline2,Legacy (Baseline 2),4g,4G (Mobil),18,2026-04-01T07:41:33.253Z,865.93,104,17.4,575.69,106.08,72.37,85.97,1265,38.22,96,2,94,38.22,17.29,1.81,19.12,0,0.0,76.5,159.30000001192093,13246,2.1,95.6
baseline2,Legacy (Baseline 2),4g,4G (Mobil),19,2026-04-01T07:41:41.546Z,865.97,104,17.37,575.75,106.09,72.37,85.96,1188,38.91,96,2,94,38.91,17.3,2.49,19.12,0,0.0,75.80000001192093,181.0,13246,2.1,95.5
baseline2,Legacy (Baseline 2),4g,4G (Mobil),20,2026-04-01T07:41:49.998Z,865.91,104,17.36,575.75,106.11,72.32,85.97,1316,38.22,96,2,94,38.22,17.28,1.81,19.13,0,0.0,222.30000001192093,306.2999999821186,13248,2.1,95.6
baseline2,Legacy (Baseline 2),4g,4G (Mobil),21,2026-04-01T07:41:58.401Z,865.97,104,17.47,575.7,106.08,72.35,85.96,1297,38.23,96,2,94,38.23,17.3,1.81,19.12,0,0.0,80.69999998807907,162.5,13248,2.1,95.6
baseline2,Legacy (Baseline 2),4g,4G (Mobil),22,2026-04-01T07:42:06.654Z,865.81,104,17.37,575.68,106.08,72.32,85.97,1153,38.23,96,2,94,38.23,17.29,1.81,19.12,0,0.0,74.89999997615814,145.40000000596046,13250,2.1,95.6
baseline2,Legacy (Baseline 2),4g,4G (Mobil),23,2026-04-01T07:42:14.850Z,865.91,104,17.36,575.69,106.08,72.4,85.97,1194,38.24,96,2,94,38.24,17.31,1.81,19.12,0,0.0,101.5,187.80000001192093,13248,2.1,95.6
baseline2,Legacy (Baseline 2),4g,4G (Mobil),24,2026-04-01T07:42:23.502Z,865.95,104,17.43,575.68,106.09,72.36,85.97,1764,39.61,96,2,94,39.61,17.3,3.18,19.13,0,0.0,76.80000001192093,179.7999999821186,13248,2.1,95.4
baseline2,Legacy (Baseline 2),4g,4G (Mobil),25,2026-04-01T07:42:31.796Z,865.91,104,17.35,575.73,106.09,72.35,85.96,1159,38.21,96,2,94,38.21,17.28,1.81,19.12,0,0.0,71.59999999403954,152.0,13248,2.1,95.6
baseline2,Legacy (Baseline 2),4g,4G (Mobil),26,2026-04-01T07:42:40.138Z,865.88,104,17.36,575.69,106.09,72.36,85.97,1191,41.02,96,2,94,41.02,17.34,4.55,19.13,0,0.0,79.2000000178814,182.9000000059605,13248,2.1,95.3
baseline2,Legacy (Baseline 2),4g,4G (Mobil),27,2026-04-01T07:42:48.370Z,865.87,104,17.38,575.67,106.08,72.36,85.96,1196,38.23,96,2,94,38.23,17.3,1.81,19.12,0,0.0,102.7000000178814,187.9000000059605,13246,2.1,95.6
baseline2,Legacy (Baseline 2),4g,4G (Mobil),28,2026-04-01T07:42:56.626Z,866.03,104,17.44,575.81,106.08,72.32,85.97,1251,38.94,96,2,94,38.94,17.33,2.49,19.12,0,0.0,80.30000001192093,241.69999998807907,13248,2.1,95.5
baseline2,Legacy (Baseline 2),4g,4G (Mobil),29,2026-04-01T07:43:04.820Z,865.92,104,17.38,575.72,106.08,72.36,85.96,1201,38.95,96,2,94,38.95,17.33,2.49,19.12,0,0.0,76.40000000596046,188.4000000059605,13248,2.1,95.5
baseline2,Legacy (Baseline 2),4g,4G (Mobil),30,2026-04-01T07:43:13.243Z,866.0,104,17.4,575.77,106.09,72.36,85.97,1166,38.29,96,2,94,38.29,17.36,1.81,19.12,0,0.0,79.69999998807907,157.09999999403954,13246,2.1,95.6
baseline2,Legacy (Baseline 2),4g,4G (Mobil),31,2026-04-01T07:43:21.562Z,866.0,104,17.44,575.74,106.08,72.36,85.97,1356,38.77,96,2,94,38.77,17.29,2.35,19.13,0,0.0,125.09999999403954,233.10000002384183,13248,2.1,95.5
baseline2,Legacy (Baseline 2),4g,4G (Mobil),32,2026-04-01T07:43:29.830Z,865.95,104,17.37,575.75,106.09,72.36,85.97,1194,38.24,96,2,94,38.24,17.32,1.81,19.11,0,0.0,102.0,184.9000000059605,13248,2.1,95.6
baseline2,Legacy (Baseline 2),4g,4G (Mobil),33,2026-04-01T07:43:38.004Z,865.9,104,17.36,575.73,106.09,72.36,85.96,1185,38.29,96,2,94,38.29,17.36,1.81,19.12,0,0.0,95.09999999403954,176.90000000596046,13246,2.1,95.6
baseline2,Legacy (Baseline 2),4g,4G (Mobil),34,2026-04-01T07:43:46.304Z,865.91,104,17.44,575.68,106.09,72.32,85.96,1195,38.75,96,2,94,38.75,17.28,2.35,19.12,0,0.0,87.2000000178814,186.9000000059605,13246,2.1,95.5
baseline2,Legacy (Baseline 2),4g,4G (Mobil),35,2026-04-01T07:43:54.743Z,865.94,104,17.44,575.68,106.08,72.36,85.97,1170,38.25,96,2,94,38.25,17.32,1.81,19.12,0,0.0,80.2000000178814,162.40000000596046,13248,2.1,95.6
baseline2,Legacy (Baseline 2),4g,4G (Mobil),36,2026-04-01T07:44:03.075Z,865.97,104,17.4,575.75,106.08,72.36,85.96,1197,38.74,96,2,94,38.74,17.27,2.35,19.12,0,0.0,72.59999999403954,189.2999999821186,13246,2.1,95.5
baseline2,Legacy (Baseline 2),4g,4G (Mobil),37,2026-04-01T07:44:11.706Z,866.23,105,17.4,575.77,106.33,72.35,85.96,1292,40.13,96,2,94,40.13,17.29,3.72,19.12,0,0.0,165.7000000178814,284.7000000178814,13248,2.1,95.4
baseline2,Legacy (Baseline 2),4g,4G (Mobil),38,2026-04-01T07:44:19.989Z,866.1,104,17.45,575.82,106.08,72.36,85.97,1268,38.9,96,2,94,38.9,17.28,2.49,19.12,0,0.0,83.59999999403954,260.2999999821186,13246,2.1,95.5
baseline2,Legacy (Baseline 2),4g,4G (Mobil),39,2026-04-01T07:44:28.935Z,865.92,104,17.39,575.75,106.09,72.32,85.96,1770,38.24,96,2,94,38.24,17.3,1.81,19.13,0,0.0,86.90000000596046,169.09999999403954,13248,2.1,95.6
baseline2,Legacy (Baseline 2),4g,4G (Mobil),40,2026-04-01T07:44:37.368Z,865.85,104,17.35,575.67,106.08,72.36,85.97,1369,38.91,96,2,94,38.91,17.29,2.49,19.12,0,0.0,75.7999999821186,283.5,13248,2.1,95.5
baseline2,Legacy (Baseline 2),4g,4G (Mobil),41,2026-04-01T07:44:45.784Z,866.05,104,17.39,575.8,106.08,72.4,85.97,1265,40.19,96,2,94,40.19,17.35,3.72,19.12,0,0.0,135.89999997615814,256.59999999403954,13246,2.1,95.4
baseline2,Legacy (Baseline 2),4g,4G (Mobil),42,2026-04-01T07:44:53.894Z,865.8,104,17.37,575.68,106.08,72.31,85.96,1184,38.24,96,2,94,38.24,17.31,1.81,19.12,0,0.0,91.60000002384186,175.7000000178814,13248,2.1,95.6
baseline2,Legacy (Baseline 2),4g,4G (Mobil),43,2026-04-01T07:45:02.414Z,866.19,105,17.39,575.74,106.33,72.36,85.96,1182,38.22,96,2,94,38.22,17.3,1.81,19.12,0,0.0,91.09999999403954,174.09999999403954,13246,2.1,95.6
baseline2,Legacy (Baseline 2),4g,4G (Mobil),44,2026-04-01T07:45:10.705Z,865.86,104,17.37,575.67,106.08,72.35,85.96,1290,38.9,96,2,94,38.9,17.28,2.49,19.13,0,0.0,79.2999999821186,199.09999999403956,13246,2.1,95.5
baseline2,Legacy (Baseline 2),4g,4G (Mobil),45,2026-04-01T07:45:19.188Z,866.0,104,17.48,575.71,106.07,72.36,85.97,1161,38.21,96,2,94,38.21,17.28,1.81,19.12,0,0.0,72.59999999403954,152.90000000596046,13246,2.1,95.6
baseline2,Legacy (Baseline 2),4g,4G (Mobil),46,2026-04-01T07:45:27.505Z,865.85,104,17.36,575.69,106.09,72.32,85.97,1175,38.22,96,2,94,38.22,17.28,1.81,19.13,0,0.0,83.39999997615814,165.7999999821186,13248,2.1,95.6
baseline2,Legacy (Baseline 2),4g,4G (Mobil),47,2026-04-01T07:45:35.757Z,865.98,104,17.36,575.84,106.08,72.32,85.97,1170,38.23,96,2,94,38.23,17.29,1.81,19.13,0,0.0,85.90000000596046,164.40000000596046,13248,2.1,95.6
baseline2,Legacy (Baseline 2),4g,4G (Mobil),48,2026-04-01T07:45:44.296Z,865.97,104,17.35,575.75,106.09,72.4,85.97,1171,38.22,96,2,94,38.22,17.28,1.81,19.13,0,0.0,79.40000000596046,162.0,13248,2.1,95.6
baseline2,Legacy (Baseline 2),4g,4G (Mobil),49,2026-04-01T07:45:52.958Z,865.98,104,17.39,575.75,106.1,72.36,85.97,1508,38.23,96,2,94,38.23,17.29,1.81,19.13,0,0.0,308.5,391.90000000596046,13248,2.1,95.6
baseline2,Legacy (Baseline 2),4g,4G (Mobil),50,2026-04-01T07:46:01.255Z,865.98,104,17.43,575.72,106.08,72.36,85.97,1294,38.31,96,2,94,38.31,17.38,1.81,19.12,0,0.0,200.3999999761581,285.80000001192093,13248,2.1,95.6
prototype,Kestrel-Kit (Prototyp),worst_case,Worst-Case (Stress),1,2026-04-01T08:36:16.658Z,1193.96,136,14.93,755.78,237.09,25.86,160.3,2770,50.66,123,6,117,50.66,0.4,2.05,16.98,0,31.24,0.0,96.40000000596046,0,4.9,95.8
prototype,Kestrel-Kit (Prototyp),worst_case,Worst-Case (Stress),2,2026-04-01T08:36:53.299Z,1125.04,128,14.98,755.84,236.7,25.81,91.72,4780,46.75,123,6,117,46.75,0.4,1.37,16.98,0,28.0,0.0999999940395355,95.59999999403954,0,4.9,95.8
prototype,Kestrel-Kit (Prototyp),worst_case,Worst-Case (Stress),3,2026-04-01T08:37:37.905Z,1532.74,148,14.98,755.83,237.77,25.81,498.35,4020,56.26,129,6,123,56.26,0.4,0.69,16.96,0,38.21,0.0,65.19999998807907,0,4.7,96.3
prototype,Kestrel-Kit (Prototyp),worst_case,Worst-Case (Stress),4,2026-04-01T08:38:13.616Z,1103.43,127,14.97,755.82,236.53,25.86,70.24,4323,195.84,135,6,129,195.84,0.4,2.07,17.24,0,176.14,0.0999999940395355,103.09999999403954,0,4.4,82.3
prototype,Kestrel-Kit (Prototyp),worst_case,Worst-Case (Stress),5,2026-04-01T08:38:48.404Z,1126.2,128,14.98,755.91,237.42,25.81,92.07,2818,82.08,126,6,120,82.08,0.4,0.0,17.02,0,64.66,0.0999999940395355,65.80000001192093,0,4.8,92.7
prototype,Kestrel-Kit (Prototyp),worst_case,Worst-Case (Stress),6,2026-04-01T08:39:26.226Z,1247.97,141,14.93,755.86,237.14,25.81,214.23,3196,180.06,125,6,119,180.06,0.4,2.06,17.1,0,160.5,0.0,93.7999999821186,0,4.8,85.6
prototype,Kestrel-Kit (Prototyp),worst_case,Worst-Case (Stress),7,2026-04-01T08:40:00.902Z,1123.28,128,14.96,755.68,237.02,25.86,89.75,2866,72.84,128,6,122,72.84,0.4,0.68,17.37,0,54.39,0.0,146.80000001192093,0,4.7,93.5
prototype,Kestrel-Kit (Prototyp),worst_case,Worst-Case (Stress),8,2026-04-01T08:40:35.252Z,1116.09,127,14.96,755.74,236.83,25.81,82.75,2665,270.06,128,6,122,270.06,0.4,0.0,17.25,0,252.42,0.0,66.69999998807907,0,4.7,75.8
prototype,Kestrel-Kit (Prototyp),worst_case,Worst-Case (Stress),9,2026-04-01T08:41:11.823Z,1176.47,132,14.95,755.75,237.01,25.86,142.9,3410,181.15,124,6,118,181.15,0.4,0.69,16.46,0,163.6,0.0999999940395355,67.09999999403954,0,4.8,84.6
prototype,Kestrel-Kit (Prototyp),worst_case,Worst-Case (Stress),10,2026-04-01T08:41:45.148Z,1111.5,128,14.97,755.79,236.48,25.81,78.44,2293,28.5,123,6,117,28.5,0.4,1.37,16.55,0,10.18,0.0,90.0,0,4.9,97.4
prototype,Kestrel-Kit (Prototyp),worst_case,Worst-Case (Stress),11,2026-04-01T08:42:20.812Z,1150.06,128,14.96,755.65,236.88,25.86,116.7,3406,79.75,127,6,121,79.75,0.4,0.0,16.6,0,62.75,0.0,69.5,0,4.7,93.1
prototype,Kestrel-Kit (Prototyp),worst_case,Worst-Case (Stress),12,2026-04-01T08:42:57.255Z,1223.37,131,15.0,755.92,236.96,25.86,189.64,2533,36.78,123,6,117,36.78,0.4,0.0,17.45,0,18.93,0.0999999940395355,68.5,0,4.9,97.0
prototype,Kestrel-Kit (Prototyp),worst_case,Worst-Case (Stress),13,2026-04-01T08:43:34.283Z,1329.84,132,14.98,755.86,236.93,25.86,296.21,2430,40.52,125,6,119,40.52,0.4,1.37,17.16,0,21.59,0.0,102.2000000178814,0,4.8,97.0
prototype,Kestrel-Kit (Prototyp),worst_case,Worst-Case (Stress),14,2026-04-01T08:44:09.803Z,1136.36,130,14.97,755.68,236.52,25.81,103.39,3407,232.46,137,6,131,232.46,0.4,4.79,17.07,0,210.2,0.0,317.19999998807907,0,4.4,79.5
prototype,Kestrel-Kit (Prototyp),worst_case,Worst-Case (Stress),15,2026-04-01T08:44:50.512Z,1379.31,129,14.95,755.77,236.41,25.81,346.37,3749,13.43,119,6,113,13.43,0.4,2.05,10.98,0,0.0,0.0999999940395355,97.80000001192091,0,5.0,99.0
prototype,Kestrel-Kit (Prototyp),worst_case,Worst-Case (Stress),16,2026-04-01T08:45:26.460Z,1113.24,126,14.94,755.74,236.93,25.81,79.81,3836,12.75,119,6,113,12.75,0.4,1.38,10.98,0,0.0,0.1000000238418579,65.19999998807907,0,5.0,98.9
prototype,Kestrel-Kit (Prototyp),worst_case,Worst-Case (Stress),17,2026-04-01T08:46:01.968Z,1142.65,129,15.04,755.76,236.38,25.81,109.66,3237,55.91,125,6,119,55.91,0.4,0.69,17.01,0,37.81,0.1000000238418579,69.5,0,4.8,95.1
prototype,Kestrel-Kit (Prototyp),worst_case,Worst-Case (Stress),18,2026-04-01T08:46:36.453Z,1088.58,125,15.0,755.78,231.2,25.81,60.8,4019,58.06,123,6,117,58.06,0.47,2.75,16.88,0,37.96,0.0999999940395355,92.59999999403954,0,4.9,94.7
prototype,Kestrel-Kit (Prototyp),worst_case,Worst-Case (Stress),19,2026-04-01T08:47:20.693Z,1640.53,133,15.01,756.57,236.69,25.86,606.4,3151,36.55,123,6,117,36.55,0.4,2.71,17.1,0,16.34,0.0,68.09999999403954,0,4.9,97.8
prototype,Kestrel-Kit (Prototyp),worst_case,Worst-Case (Stress),20,2026-04-01T08:47:55.792Z,1130.71,133,15.02,755.84,237.54,25.81,96.49,2966,141.8,128,6,122,141.8,0.4,0.69,16.45,0,124.27,0.0,67.90000000596046,0,4.7,87.5
prototype,Kestrel-Kit (Prototyp),worst_case,Worst-Case (Stress),21,2026-04-01T08:48:32.079Z,1206.55,128,14.96,755.73,237.73,25.81,172.32,2890,89.58,127,6,121,89.58,0.4,0.0,16.76,0,72.43,0.0999999940395355,67.19999998807907,0,4.7,92.6
prototype,Kestrel-Kit (Prototyp),worst_case,Worst-Case (Stress),22,2026-04-01T08:49:15.041Z,1487.01,136,14.99,755.81,237.16,25.81,453.24,4020,606.32,138,6,132,606.32,0.4,1.36,17.19,0,587.37,0.0,92.69999998807909,0,4.3,59.2
prototype,Kestrel-Kit (Prototyp),worst_case,Worst-Case (Stress),23,2026-04-01T08:49:50.326Z,1157.45,132,14.92,755.59,236.82,25.81,124.3,2698,329.03,127,6,121,329.03,0.47,3.43,16.88,0,308.25,0.1000000238418579,104.5,0,4.7,71.6
prototype,Kestrel-Kit (Prototyp),worst_case,Worst-Case (Stress),24,2026-04-01T08:50:26.509Z,1124.13,126,15.04,755.8,236.95,25.81,90.52,4383,11.58,120,6,114,11.58,0.4,0.0,11.18,0,0.0,0.0,66.10000002384186,0,5.0,99.0
prototype,Kestrel-Kit (Prototyp),worst_case,Worst-Case (Stress),25,2026-04-01T08:51:01.701Z,1168.2,129,14.95,755.81,236.39,25.81,135.24,2382,54.35,125,6,119,54.35,0.4,0.7,16.69,0,36.56,0.0,81.0,0,4.8,95.3
prototype,Kestrel-Kit (Prototyp),worst_case,Worst-Case (Stress),26,2026-04-01T08:51:36.360Z,1088.55,125,14.97,755.79,231.17,25.81,60.8,3105,169.29,125,6,119,169.29,0.4,1.36,17.15,0,150.38,0.1000000238418579,185.80000001192093,0,4.8,84.4
prototype,Kestrel-Kit (Prototyp),worst_case,Worst-Case (Stress),27,2026-04-01T08:52:12.878Z,1158.89,133,14.99,755.87,237.53,25.81,124.69,4426,69.09,125,6,119,69.09,0.4,2.74,16.88,0,49.07,0.0999999940395355,120.40000000596046,0,4.8,94.0
prototype,Kestrel-Kit (Prototyp),worst_case,Worst-Case (Stress),28,2026-04-01T08:52:48.212Z,1088.61,125,15.06,755.77,231.17,25.81,60.8,3810,12.02,119,6,113,12.02,0.4,0.69,10.93,0,0.0,0.0,67.09999999403954,0,5.0,98.9
prototype,Kestrel-Kit (Prototyp),worst_case,Worst-Case (Stress),29,2026-04-01T08:53:29.406Z,1393.96,135,14.95,755.59,237.15,25.81,360.46,3640,133.32,128,6,122,133.32,0.4,1.38,17.12,0,114.42,0.0,68.40000000596046,0,4.7,90.4
prototype,Kestrel-Kit (Prototyp),worst_case,Worst-Case (Stress),30,2026-04-01T08:54:10.833Z,1444.51,132,15.04,755.8,236.75,25.81,411.12,4486,12.27,120,6,114,12.27,0.4,0.68,11.18,0,0.0,0.0,172.09999999403954,0,5.0,99.2
prototype,Kestrel-Kit (Prototyp),worst_case,Worst-Case (Stress),31,2026-04-01T08:54:48.206Z,1306.93,140,14.98,755.72,237.08,25.81,273.34,3433,103.44,131,6,125,103.44,0.4,5.49,17.43,0,80.12,0.0999999940395355,134.5,0,4.6,92.1
prototype,Kestrel-Kit (Prototyp),worst_case,Worst-Case (Stress),32,2026-04-01T08:55:23.802Z,1162.13,129,15.0,755.75,236.7,25.81,128.88,2851,172.5,129,6,123,172.5,0.47,2.05,17.03,0,152.95,0.0,98.2999999821186,0,4.7,85.2
prototype,Kestrel-Kit (Prototyp),worst_case,Worst-Case (Stress),33,2026-04-01T08:55:59.668Z,1197.04,128,14.97,755.58,236.28,25.81,164.4,2409,27.29,122,6,116,27.29,0.4,1.37,17.13,0,8.39,0.0,93.19999998807909,0,4.9,97.7
prototype,Kestrel-Kit (Prototyp),worst_case,Worst-Case (Stress),34,2026-04-01T08:56:34.629Z,1161.62,130,15.05,755.7,237.11,25.85,127.91,2308,51.09,123,6,117,51.09,0.4,2.06,16.96,0,31.68,0.0999999940395355,97.2999999821186,0,4.9,95.6
prototype,Kestrel-Kit (Prototyp),worst_case,Worst-Case (Stress),35,2026-04-01T08:57:08.064Z,1133.16,124,14.97,755.87,236.5,25.81,100.02,2816,109.18,127,6,121,109.18,0.47,3.43,16.6,0,88.68,0.0999999940395355,68.0,0,4.7,90.4
prototype,Kestrel-Kit (Prototyp),worst_case,Worst-Case (Stress),36,2026-04-01T08:57:42.734Z,1120.81,130,14.96,755.63,236.73,25.81,87.67,2836,78.98,127,6,121,78.98,0.47,3.42,17.1,0,57.99,0.0999999940395355,98.80000001192091,0,4.7,93.0
prototype,Kestrel-Kit (Prototyp),worst_case,Worst-Case (Stress),37,2026-04-01T08:58:38.229Z,1203.77,132,15.05,755.75,237.07,25.81,170.08,12134,78.44,127,6,121,78.44,0.4,2.06,16.68,0,59.3,0.0999999940395355,61.20000001788139,0,4.7,93.5
prototype,Kestrel-Kit (Prototyp),worst_case,Worst-Case (Stress),38,2026-04-01T08:59:33.522Z,1109.18,127,14.98,755.69,237.08,25.81,75.63,14262,12.01,120,6,114,12.01,0.4,0.69,10.93,0,0.0,0.0,98.59999999403954,0,5.0,98.9
prototype,Kestrel-Kit (Prototyp),worst_case,Worst-Case (Stress),39,2026-04-01T09:00:17.911Z,1134.91,130,14.95,755.86,237.17,25.81,101.12,12363,69.06,124,6,118,69.06,0.4,0.69,16.39,0,51.59,0.0999999940395355,67.60000002384186,0,4.8,93.9
prototype,Kestrel-Kit (Prototyp),worst_case,Worst-Case (Stress),40,2026-04-01T09:01:14.849Z,1274.75,131,15.07,755.77,236.62,25.85,241.44,13163,195.17,128,6,122,195.17,0.4,1.35,16.46,0,176.95,0.0,69.69999998807907,0,4.7,84.7
prototype,Kestrel-Kit (Prototyp),worst_case,Worst-Case (Stress),41,2026-04-01T09:02:02.165Z,1226.18,131,14.96,755.77,236.54,25.81,193.11,3437,113.8,134,6,128,113.8,0.47,2.75,17.14,0,93.45,0.0,141.10000002384186,0,4.5,90.7
prototype,Kestrel-Kit (Prototyp),worst_case,Worst-Case (Stress),42,2026-04-01T09:02:38.804Z,1193.7,127,15.04,755.66,236.87,25.8,160.32,3337,155.6,127,6,121,155.6,0.4,2.06,17.3,0,135.84,0.199999988079071,138.5,0,4.7,87.0
prototype,Kestrel-Kit (Prototyp),worst_case,Worst-Case (Stress),43,2026-04-01T09:03:14.512Z,1153.53,131,14.95,755.62,236.84,25.81,120.32,3207,103.45,126,6,120,103.45,0.4,0.68,16.66,0,85.71,0.2999999821186065,67.7000000178814,0,4.8,91.0
prototype,Kestrel-Kit (Prototyp),worst_case,Worst-Case (Stress),44,2026-04-01T09:03:50.129Z,1122.95,130,14.98,755.78,236.57,25.88,89.73,3745,11.33,119,6,113,11.33,0.4,0.0,10.93,0,0.0,0.0,67.5,0,5.0,99.0
prototype,Kestrel-Kit (Prototyp),worst_case,Worst-Case (Stress),45,2026-04-01T09:04:26.734Z,1167.22,129,15.04,755.84,236.76,25.85,133.74,2629,53.31,125,6,119,53.31,0.4,3.42,16.72,0,32.77,0.0,107.40000000596046,0,4.8,95.4
prototype,Kestrel-Kit (Prototyp),worst_case,Worst-Case (Stress),46,2026-04-01T09:05:00.915Z,1124.5,130,15.01,755.74,236.68,25.85,91.23,3272,97.88,125,6,119,97.88,0.4,2.05,16.79,0,78.63,0.0,91.90000000596046,0,4.8,91.3
prototype,Kestrel-Kit (Prototyp),worst_case,Worst-Case (Stress),47,2026-04-01T09:05:35.066Z,1088.63,125,15.04,755.76,231.18,25.84,60.81,2589,146.38,128,6,122,146.38,0.4,0.0,17.44,0,128.53,0.0999999940395355,68.40000000596046,0,4.7,86.6
prototype,Kestrel-Kit (Prototyp),worst_case,Worst-Case (Stress),48,2026-04-01T09:06:09.276Z,1121.09,130,14.97,755.72,236.65,25.85,87.91,2372,17.23,125,11,114,17.23,0.4,0.0,16.83,0,0.0,0.199999988079071,59.79999998211861,0,8.8,98.5
prototype,Kestrel-Kit (Prototyp),worst_case,Worst-Case (Stress),49,2026-04-01T09:06:48.388Z,1256.63,131,14.99,755.7,236.72,25.85,223.38,4451,82.75,123,6,117,82.75,0.4,0.0,16.85,0,65.51,0.0,67.60000002384186,0,4.9,93.4
prototype,Kestrel-Kit (Prototyp),worst_case,Worst-Case (Stress),50,2026-04-01T09:07:24.012Z,1105.41,126,15.04,755.62,236.47,25.81,72.46,4418,133.79,126,6,120,133.79,0.4,0.68,16.91,0,115.8,0.0,67.7000000178814,0,4.8,87.9
baseline,Legacy (Baseline 1),worst_case,Worst-Case (Stress),1,2026-04-01T09:50:18.231Z,842.92,102,18.52,566.94,106.37,61.09,77.39,1881,39.49,94,2,92,39.49,18.48,1.85,19.17,0,0.0,789.7999999821186,873.4000000059605,14481,2.1,95.3
baseline,Legacy (Baseline 1),worst_case,Worst-Case (Stress),2,2026-04-01T09:50:45.047Z,843.09,102,18.44,567.06,106.38,61.14,77.44,1279,39.5,94,2,92,39.5,18.48,1.85,19.17,0,0.0,190.5,272.09999999403954,14479,2.1,95.3
baseline,Legacy (Baseline 1),worst_case,Worst-Case (Stress),3,2026-04-01T09:51:12.372Z,842.98,102,18.46,566.94,106.38,61.15,77.44,1819,41.65,94,2,92,41.65,18.57,3.92,19.17,0,0.0,587.6999999880791,710.1999999880791,14487,2.1,95.1
baseline,Legacy (Baseline 1),worst_case,Worst-Case (Stress),4,2026-04-01T09:51:39.211Z,842.99,102,18.44,566.94,106.38,61.18,77.44,1297,39.49,94,2,92,39.49,18.46,1.85,19.17,0,0.0,208.4000000059605,289.09999999403954,14483,2.1,95.3
baseline,Legacy (Baseline 1),worst_case,Worst-Case (Stress),5,2026-04-01T09:52:06.211Z,842.96,102,18.45,566.93,106.39,61.19,77.39,1488,41.38,94,2,92,41.38,18.44,3.78,19.16,0,0.0,271.69999998807907,481.59999999403954,14476,2.1,95.1
baseline,Legacy (Baseline 1),worst_case,Worst-Case (Stress),6,2026-04-01T09:52:33.259Z,843.07,102,18.49,567.0,106.38,61.2,77.39,1433,42.97,94,2,92,42.97,18.52,5.28,19.17,0,0.0,233.7000000178814,432.1999999880791,14479,2.1,94.9
baseline,Legacy (Baseline 1),worst_case,Worst-Case (Stress),7,2026-04-01T09:53:00.228Z,842.91,102,18.47,566.88,106.38,61.18,77.39,1288,39.51,94,2,92,39.51,18.49,1.85,19.17,0,0.0,202.3999999761581,280.40000000596046,14484,2.1,95.3
baseline,Legacy (Baseline 1),worst_case,Worst-Case (Stress),8,2026-04-01T09:53:27.227Z,843.13,102,18.51,567.15,106.38,61.1,77.38,1378,40.86,94,2,92,40.86,18.45,3.25,19.17,0,0.0,227.2000000178814,369.90000000596046,14481,2.1,95.2
baseline,Legacy (Baseline 1),worst_case,Worst-Case (Stress),9,2026-04-01T09:53:54.144Z,843.49,102,18.54,567.25,106.39,61.24,77.44,1295,39.47,94,2,92,39.47,18.44,1.85,19.17,0,0.0,202.19999998807907,286.40000000596046,14483,2.1,95.3
baseline,Legacy (Baseline 1),worst_case,Worst-Case (Stress),10,2026-04-01T09:54:20.973Z,843.42,102,18.47,567.26,106.39,61.25,77.44,1344,39.54,94,2,92,39.54,18.51,1.85,19.17,0,0.0,257.2000000178814,337.80000001192093,14478,2.1,95.3
baseline,Legacy (Baseline 1),worst_case,Worst-Case (Stress),11,2026-04-01T09:54:47.856Z,843.43,102,18.51,567.27,106.39,61.25,77.39,1329,39.46,94,2,92,39.46,18.45,1.85,19.17,0,0.0,238.10000002384183,322.30000001192093,14478,2.1,95.3
baseline,Legacy (Baseline 1),worst_case,Worst-Case (Stress),12,2026-04-01T09:55:14.669Z,843.38,102,18.5,567.24,106.38,61.24,77.39,1298,39.53,94,2,92,39.53,18.51,1.85,19.17,0,0.0,205.9000000059605,290.30000001192093,14478,2.1,95.3
baseline,Legacy (Baseline 1),worst_case,Worst-Case (Stress),13,2026-04-01T09:55:41.479Z,843.32,102,18.43,567.26,106.38,61.24,77.39,1307,39.54,94,2,92,39.54,18.52,1.85,19.17,0,0.0,213.19999998807907,298.19999998807907,14477,2.1,95.3
baseline,Legacy (Baseline 1),worst_case,Worst-Case (Stress),14,2026-04-01T09:56:08.310Z,843.51,102,18.59,567.28,106.39,61.24,77.39,1327,39.55,94,2,92,39.55,18.53,1.85,19.17,0,0.0,238.19999998807907,320.89999997615814,14482,2.1,95.3
baseline,Legacy (Baseline 1),worst_case,Worst-Case (Stress),15,2026-04-01T09:56:35.405Z,843.54,102,18.57,567.28,106.38,61.25,77.45,1303,39.55,94,2,92,39.55,18.52,1.85,19.17,0,0.0,211.2999999821186,295.0,14481,2.1,95.3
baseline,Legacy (Baseline 1),worst_case,Worst-Case (Stress),16,2026-04-01T09:57:03.561Z,847.51,103,18.45,567.23,106.38,61.25,77.39,1563,39.48,94,2,92,39.48,18.46,1.85,19.17,0,0.0,476.5,556.4000000059605,14483,2.1,95.3
baseline,Legacy (Baseline 1),worst_case,Worst-Case (Stress),17,2026-04-01T09:57:30.498Z,843.38,102,18.43,567.27,106.38,61.25,77.44,1353,41.4,94,2,92,41.4,18.46,3.78,19.17,0,0.0,226.5,345.7000000178814,14481,2.1,95.1
baseline,Legacy (Baseline 1),worst_case,Worst-Case (Stress),18,2026-04-01T09:57:57.501Z,843.39,102,18.45,567.29,106.39,61.25,77.39,1375,39.5,94,2,92,39.5,18.48,1.85,19.17,0,0.0,287.2000000178814,367.1999999880791,14478,2.1,95.3
baseline,Legacy (Baseline 1),worst_case,Worst-Case (Stress),19,2026-04-01T09:58:24.446Z,843.35,102,18.47,567.27,106.37,61.24,77.39,1386,40.17,94,2,92,40.17,18.48,2.54,19.16,0,0.0,273.7999999821186,377.40000000596046,14483,2.1,95.2
baseline,Legacy (Baseline 1),worst_case,Worst-Case (Stress),20,2026-04-01T09:58:51.263Z,843.25,102,18.46,567.27,106.37,61.2,77.33,1336,42.27,94,2,92,42.27,18.47,4.59,19.21,0,0.0,213.30000001192093,327.5,14475,2.1,95.0
baseline,Legacy (Baseline 1),worst_case,Worst-Case (Stress),21,2026-04-01T09:59:18.265Z,843.03,102,18.46,567.1,106.38,61.09,77.39,1324,40.2,94,2,92,40.2,18.5,2.54,19.17,0,0.0,209.09999999403956,315.7000000178814,14475,2.1,95.2
baseline,Legacy (Baseline 1),worst_case,Worst-Case (Stress),22,2026-04-01T09:59:45.100Z,843.17,102,18.51,567.15,106.38,61.14,77.38,1319,39.47,94,2,92,39.47,18.45,1.85,19.17,0,0.0,208.0,291.80000001192093,14479,2.1,95.3
baseline,Legacy (Baseline 1),worst_case,Worst-Case (Stress),23,2026-04-01T10:00:12.084Z,847.51,103,18.5,567.19,106.37,61.24,77.39,1372,39.46,94,2,92,39.46,18.44,1.85,19.16,0,0.0,280.39999997615814,364.3000000119209,14473,2.1,95.3
baseline,Legacy (Baseline 1),worst_case,Worst-Case (Stress),24,2026-04-01T10:00:39.016Z,843.43,102,18.49,567.25,106.38,61.24,77.44,1291,39.49,94,2,92,39.49,18.46,1.85,19.17,0,0.0,201.7999999821186,284.5,14475,2.1,95.3
baseline,Legacy (Baseline 1),worst_case,Worst-Case (Stress),25,2026-04-01T10:01:05.826Z,843.29,102,18.45,567.22,106.38,61.25,77.39,1333,39.43,94,2,92,39.43,18.42,1.85,19.16,0,0.0,243.7999999821186,325.69999998807907,14473,2.1,95.3
baseline,Legacy (Baseline 1),worst_case,Worst-Case (Stress),26,2026-04-01T10:01:33.179Z,843.25,102,18.52,567.27,106.38,61.1,77.38,1265,39.51,94,2,92,39.51,18.48,1.85,19.17,0,0.0,175.7000000178814,259.7999999821186,14467,2.1,95.3
baseline,Legacy (Baseline 1),worst_case,Worst-Case (Stress),27,2026-04-01T10:02:00.003Z,843.31,102,18.48,567.21,106.39,61.25,77.39,1310,39.56,94,2,92,39.56,18.54,1.85,19.17,0,0.0,218.69999998807907,302.7999999821186,14477,2.1,95.3
baseline,Legacy (Baseline 1),worst_case,Worst-Case (Stress),28,2026-04-01T10:02:26.927Z,843.18,102,18.52,567.2,106.39,61.09,77.38,1431,40.19,94,2,92,40.19,18.48,2.54,19.17,0,0.0,254.4000000059605,423.3000000119209,14477,2.1,95.2
baseline,Legacy (Baseline 1),worst_case,Worst-Case (Stress),29,2026-04-01T10:02:53.852Z,843.22,102,18.47,567.21,106.39,61.09,77.44,1357,40.81,94,2,92,40.81,18.42,3.22,19.17,0,0.0,234.80000001192093,350.2999999821186,14475,2.1,95.2
baseline,Legacy (Baseline 1),worst_case,Worst-Case (Stress),30,2026-04-01T10:03:20.705Z,843.18,102,18.42,567.19,106.37,61.2,77.39,1366,41.42,94,2,92,41.42,18.49,3.76,19.16,0,0.0,235.80000001192093,357.19999998807907,14477,2.1,95.1
baseline,Legacy (Baseline 1),worst_case,Worst-Case (Stress),31,2026-04-01T10:03:47.761Z,843.24,102,18.46,567.21,106.32,61.19,77.44,1414,41.59,94,2,92,41.59,18.53,3.91,19.16,0,0.0,288.2999999821186,407.2999999821186,14474,2.1,95.1
baseline,Legacy (Baseline 1),worst_case,Worst-Case (Stress),32,2026-04-01T10:04:14.692Z,843.14,102,18.43,567.18,106.33,61.2,77.38,1350,42.22,94,2,92,42.22,18.46,4.59,19.17,0,0.0,245.0,341.80000001192093,14486,2.1,95.0
baseline,Legacy (Baseline 1),worst_case,Worst-Case (Stress),33,2026-04-01T10:04:41.868Z,843.15,102,18.47,567.2,106.33,61.14,77.38,1507,41.52,94,2,92,41.52,18.44,3.91,19.17,0,0.0,287.90000000596046,414.40000000596046,14480,2.1,95.1
baseline,Legacy (Baseline 1),worst_case,Worst-Case (Stress),34,2026-04-01T10:05:08.686Z,843.16,102,18.43,567.21,106.34,61.19,77.38,1308,39.61,94,2,92,39.61,18.54,1.85,19.22,0,0.0,217.69999998807907,300.40000000596046,14485,2.1,95.3
baseline,Legacy (Baseline 1),worst_case,Worst-Case (Stress),35,2026-04-01T10:05:36.259Z,843.26,102,18.46,567.26,106.33,61.15,77.45,1314,39.48,94,2,92,39.48,18.46,1.85,19.17,0,0.0,224.09999999403956,305.59999999403954,14471,2.1,95.3
baseline,Legacy (Baseline 1),worst_case,Worst-Case (Stress),36,2026-04-01T10:06:03.419Z,843.17,102,18.46,567.26,106.32,61.14,77.38,1573,39.46,94,2,92,39.46,18.45,1.85,19.16,0,0.0,485.0,567.0999999940395,14477,2.1,95.3
baseline,Legacy (Baseline 1),worst_case,Worst-Case (Stress),37,2026-04-01T10:06:32.320Z,843.34,102,18.57,567.21,106.33,61.24,77.38,3328,48.14,97,2,95,48.14,18.47,1.85,19.41,0,0.0,268.69999998807907,351.40000000596046,14475,2.1,94.3
baseline,Legacy (Baseline 1),worst_case,Worst-Case (Stress),38,2026-04-01T10:06:59.332Z,843.2,102,18.47,567.2,106.34,61.19,77.38,1442,39.54,94,2,92,39.54,18.53,1.85,19.16,0,0.0,351.09999999403954,434.5,14475,2.1,95.3
baseline,Legacy (Baseline 1),worst_case,Worst-Case (Stress),39,2026-04-01T10:07:26.377Z,843.25,102,18.51,567.24,106.32,61.19,77.38,1421,39.48,94,2,92,39.48,18.47,1.85,19.16,0,0.0,333.09999999403954,415.09999999403954,14474,2.1,95.3
baseline,Legacy (Baseline 1),worst_case,Worst-Case (Stress),40,2026-04-01T10:07:53.315Z,843.2,102,18.51,567.2,106.32,61.19,77.38,1411,40.25,94,2,92,40.25,18.54,2.54,19.17,0,0.0,295.40000000596046,403.3000000119209,14475,2.1,95.2
baseline,Legacy (Baseline 1),worst_case,Worst-Case (Stress),41,2026-04-01T10:08:20.185Z,843.09,102,18.46,567.19,106.32,61.14,77.38,1341,40.03,94,2,92,40.03,18.48,2.39,19.16,0,0.0,218.80000001192093,332.2000000178814,14475,2.1,95.3
baseline,Legacy (Baseline 1),worst_case,Worst-Case (Stress),42,2026-04-01T10:08:47.424Z,843.29,102,18.5,567.26,106.33,61.2,77.38,1484,44.33,94,2,92,44.33,18.52,6.65,19.17,0,0.0,269.19999998807907,392.2999999821186,14477,2.1,94.7
baseline,Legacy (Baseline 1),worst_case,Worst-Case (Stress),43,2026-04-01T10:09:14.563Z,843.12,102,18.48,567.22,106.33,61.09,77.38,1491,42.09,94,2,92,42.09,18.48,4.45,19.17,0,0.0,258.19999998807907,375.0,14477,2.1,95.0
baseline,Legacy (Baseline 1),worst_case,Worst-Case (Stress),44,2026-04-01T10:09:41.771Z,843.09,102,18.45,567.21,106.33,61.1,77.38,1492,40.82,94,2,92,40.82,18.43,3.22,19.16,0,0.0,254.4000000059605,377.40000000596046,14475,2.1,95.2
baseline,Legacy (Baseline 1),worst_case,Worst-Case (Stress),45,2026-04-01T10:10:08.635Z,843.09,102,18.42,567.21,106.33,61.15,77.38,1327,40.24,94,2,92,40.24,18.54,2.54,19.17,0,0.0,212.9000000059605,320.0,14479,2.1,95.2
baseline,Legacy (Baseline 1),worst_case,Worst-Case (Stress),46,2026-04-01T10:10:35.991Z,843.18,102,18.44,567.28,106.32,61.15,77.38,1609,39.47,94,2,92,39.47,18.46,1.85,19.16,0,0.0,538.2000000178814,619.7000000178814,14476,2.1,95.3
baseline,Legacy (Baseline 1),worst_case,Worst-Case (Stress),47,2026-04-01T10:11:02.946Z,843.26,102,18.46,567.29,106.32,61.19,77.38,1469,39.53,94,2,92,39.53,18.52,1.85,19.16,0,0.0,376.60000002384186,461.09999999403954,14477,2.1,95.3
baseline,Legacy (Baseline 1),worst_case,Worst-Case (Stress),48,2026-04-01T10:11:29.646Z,843.11,102,18.47,567.18,106.32,61.15,77.38,1323,39.55,94,2,92,39.55,18.54,1.85,19.16,0,0.0,230.3999999761581,315.09999999403954,14476,2.1,95.3
baseline,Legacy (Baseline 1),worst_case,Worst-Case (Stress),49,2026-04-01T10:11:56.590Z,843.22,102,18.47,567.28,106.32,61.15,77.38,1394,39.54,94,2,92,39.54,18.53,1.85,19.16,0,0.0,302.59999999403954,385.7999999821186,14476,2.1,95.3
baseline,Legacy (Baseline 1),worst_case,Worst-Case (Stress),50,2026-04-01T10:12:23.713Z,843.16,102,18.47,567.24,106.32,61.14,77.38,1449,39.46,94,2,92,39.46,18.45,1.85,19.16,0,0.0,189.9000000059605,312.80000001192093,14474,2.1,95.3
baseline2,Legacy (Baseline 2),worst_case,Worst-Case (Stress),1,2026-04-01T10:56:50.688Z,862.74,108,17.36,574.62,106.88,72.33,78.93,1366,39.21,100,4,96,39.21,17.26,2.54,19.42,0,0.0,100.30000001192091,293.2999999821186,13232,4.0,95.5
baseline2,Legacy (Baseline 2),worst_case,Worst-Case (Stress),2,2026-04-01T10:57:19.019Z,862.63,108,17.35,574.58,106.88,72.28,78.92,1507,42.02,100,4,96,42.02,17.34,5.27,19.41,0,0.0,250.3999999761581,422.09999999403954,13237,4.0,95.1
baseline2,Legacy (Baseline 2),worst_case,Worst-Case (Stress),3,2026-04-01T10:57:46.958Z,862.84,108,17.42,574.68,106.88,72.32,78.93,1423,40.7,100,4,96,40.7,17.37,3.9,19.42,0,0.0,170.40000000596046,286.59999999403954,13234,4.0,95.3
baseline2,Legacy (Baseline 2),worst_case,Worst-Case (Stress),4,2026-04-01T10:58:14.720Z,862.7,108,17.35,574.59,106.88,72.33,78.93,1288,39.05,100,4,96,39.05,17.25,2.39,19.41,0,0.0,142.0,280.59999999403954,13237,4.0,95.5
baseline2,Legacy (Baseline 2),worst_case,Worst-Case (Stress),5,2026-04-01T10:58:42.498Z,862.87,108,17.34,574.67,106.88,72.42,78.93,1339,39.22,100,4,96,39.22,17.28,2.54,19.41,0,0.0,118.10000002384186,229.09999999403956,13232,4.0,95.5
baseline2,Legacy (Baseline 2),worst_case,Worst-Case (Stress),6,2026-04-01T10:59:10.196Z,862.84,108,17.37,574.63,106.89,72.4,78.93,1371,38.55,100,4,96,38.55,17.28,1.85,19.42,0,0.0,89.69999998807907,172.80000001192093,13234,4.0,95.5
baseline2,Legacy (Baseline 2),worst_case,Worst-Case (Stress),7,2026-04-01T10:59:38.060Z,862.83,108,17.35,574.64,106.89,72.4,78.93,1353,38.54,100,4,96,38.54,17.28,1.85,19.42,0,0.0,145.30000001192093,229.7999999821186,13232,4.0,95.5
baseline2,Legacy (Baseline 2),worst_case,Worst-Case (Stress),8,2026-04-01T11:00:05.922Z,862.84,108,17.35,574.66,106.88,72.4,78.93,1378,38.53,100,4,96,38.53,17.27,1.85,19.42,0,0.0,184.4000000059605,267.19999998807907,13232,4.0,95.5
baseline2,Legacy (Baseline 2),worst_case,Worst-Case (Stress),9,2026-04-01T11:00:33.716Z,862.77,108,17.42,574.62,106.87,72.32,78.93,1311,40.6,100,4,96,40.6,17.28,3.91,19.41,0,0.0,110.09999999403954,226.2999999821186,13234,4.0,95.3
baseline2,Legacy (Baseline 2),worst_case,Worst-Case (Stress),10,2026-04-01T11:01:01.436Z,862.67,108,17.35,574.61,106.88,72.29,78.93,1239,39.21,100,4,96,39.21,17.27,2.54,19.41,0,0.0,113.90000000596046,231.8999999761581,13232,4.0,95.5
baseline2,Legacy (Baseline 2),worst_case,Worst-Case (Stress),11,2026-04-01T11:01:29.292Z,862.8,108,17.43,574.59,106.88,72.36,78.93,1428,38.55,100,4,96,38.55,17.28,1.85,19.42,0,0.0,244.19999998807907,323.09999999403954,13229,4.0,95.5
baseline2,Legacy (Baseline 2),worst_case,Worst-Case (Stress),12,2026-04-01T11:01:57.090Z,862.87,108,17.38,574.67,106.9,72.36,78.94,1280,39.93,100,4,96,39.93,17.29,3.22,19.41,0,0.0,87.40000000596046,196.19999998807907,13232,4.0,95.4
baseline2,Legacy (Baseline 2),worst_case,Worst-Case (Stress),13,2026-04-01T11:02:25.211Z,862.78,108,17.35,574.66,106.88,72.35,78.92,1549,40.6,100,4,96,40.6,17.27,3.92,19.42,0,0.0,343.7000000178814,493.59999999403954,13232,4.0,95.3
baseline2,Legacy (Baseline 2),worst_case,Worst-Case (Stress),14,2026-04-01T11:02:53.090Z,862.67,108,17.36,574.53,106.88,72.35,78.93,1354,39.23,100,4,96,39.23,17.28,2.54,19.42,0,0.0,141.80000001192093,260.59999999403954,13232,4.0,95.5
baseline2,Legacy (Baseline 2),worst_case,Worst-Case (Stress),15,2026-04-01T11:03:20.844Z,862.81,108,17.34,574.64,106.88,72.4,78.93,1420,40.53,100,4,96,40.53,17.35,3.76,19.42,0,0.0,94.5,296.09999999403954,13234,4.0,95.3
baseline2,Legacy (Baseline 2),worst_case,Worst-Case (Stress),16,2026-04-01T11:03:48.712Z,862.6,108,17.33,574.57,106.88,72.27,78.93,1375,38.55,100,4,96,38.55,17.28,1.85,19.42,0,0.0,137.0,223.30000001192093,13234,4.0,95.5
baseline2,Legacy (Baseline 2),worst_case,Worst-Case (Stress),17,2026-04-01T11:04:17.518Z,862.79,108,17.35,574.63,106.89,72.37,78.93,1370,39.93,100,4,96,39.93,17.29,3.22,19.42,0,0.0,143.19999998807907,262.69999998807907,13229,4.0,95.4
baseline2,Legacy (Baseline 2),worst_case,Worst-Case (Stress),18,2026-04-01T11:04:46.336Z,862.9,108,17.43,574.68,106.89,72.36,78.93,2337,38.56,100,4,96,38.56,17.29,1.85,19.42,0,0.0,656.5,862.2999999821186,13229,4.0,95.5
baseline2,Legacy (Baseline 2),worst_case,Worst-Case (Stress),19,2026-04-01T11:05:14.212Z,862.8,108,17.45,574.57,106.88,72.35,78.93,1366,38.62,100,4,96,38.62,17.35,1.85,19.42,0,0.0,169.90000000596046,256.59999999403954,13229,4.0,95.5
baseline2,Legacy (Baseline 2),worst_case,Worst-Case (Stress),20,2026-04-01T11:05:42.032Z,862.81,108,17.36,574.63,106.87,72.4,78.93,1488,39.08,100,4,96,39.08,17.27,2.39,19.42,0,0.0,254.9000000059605,378.09999999403954,13232,4.0,95.5
baseline2,Legacy (Baseline 2),worst_case,Worst-Case (Stress),21,2026-04-01T11:06:10.017Z,862.75,108,17.33,574.58,106.89,72.4,78.93,1327,40.58,100,4,96,40.58,17.27,3.9,19.41,0,0.0,99.09999999403954,218.0,13229,4.0,95.3
baseline2,Legacy (Baseline 2),worst_case,Worst-Case (Stress),22,2026-04-01T11:06:38.945Z,862.89,108,17.4,574.64,106.89,72.41,78.93,1387,38.57,100,4,96,38.57,17.29,1.85,19.42,0,0.0,103.89999997615814,191.7999999821186,13229,4.0,95.5
baseline2,Legacy (Baseline 2),worst_case,Worst-Case (Stress),23,2026-04-01T11:07:06.927Z,862.84,108,17.36,574.63,106.89,72.41,78.94,1507,40.63,100,4,96,40.63,17.28,3.93,19.42,0,0.0,91.59999999403954,313.09999999403954,13234,4.0,95.3
baseline2,Legacy (Baseline 2),worst_case,Worst-Case (Stress),24,2026-04-01T11:07:34.654Z,862.89,108,17.41,574.66,106.88,72.4,78.93,1245,40.57,100,4,96,40.57,17.27,3.9,19.41,0,0.0,107.0,238.2999999821186,13225,4.0,95.3
baseline2,Legacy (Baseline 2),worst_case,Worst-Case (Stress),25,2026-04-01T11:08:02.423Z,862.92,108,17.4,574.68,106.89,72.4,78.93,1329,39.91,100,4,96,39.91,17.27,3.22,19.42,0,0.0,117.30000001192091,231.2999999821186,13229,4.0,95.4
baseline2,Legacy (Baseline 2),worst_case,Worst-Case (Stress),26,2026-04-01T11:08:30.252Z,862.92,108,17.41,574.67,106.88,72.41,78.93,1363,38.54,100,4,96,38.54,17.27,1.85,19.42,0,0.0,113.0,195.2000000178814,13227,4.0,95.5
baseline2,Legacy (Baseline 2),worst_case,Worst-Case (Stress),27,2026-04-01T11:08:58.118Z,862.82,108,17.34,574.66,106.89,72.36,78.94,1348,39.23,100,4,96,39.23,17.28,2.54,19.41,0,0.0,99.5,213.59999999403956,13227,4.0,95.5
baseline2,Legacy (Baseline 2),worst_case,Worst-Case (Stress),28,2026-04-01T11:09:25.972Z,862.81,108,17.41,574.62,106.88,72.36,78.93,1295,38.62,100,4,96,38.62,17.35,1.85,19.42,0,0.0,102.5,186.5,13227,4.0,95.5
baseline2,Legacy (Baseline 2),worst_case,Worst-Case (Stress),29,2026-04-01T11:09:54.019Z,862.74,108,17.34,574.66,106.88,72.32,78.93,1507,38.49,100,4,96,38.49,17.25,1.85,19.4,0,0.0,237.0,319.09999999403954,13219,4.0,95.5
baseline2,Legacy (Baseline 2),worst_case,Worst-Case (Stress),30,2026-04-01T11:10:22.003Z,862.76,108,17.36,574.64,106.82,72.4,78.93,1506,39.03,100,4,96,39.03,17.36,2.26,19.42,0,0.0,176.80000001192093,261.59999999403954,13229,4.0,95.5
baseline2,Legacy (Baseline 2),worst_case,Worst-Case (Stress),31,2026-04-01T11:10:49.771Z,862.66,108,17.34,574.63,106.82,72.32,78.93,1489,39.76,100,4,96,39.76,17.26,3.08,19.42,0,0.0,241.19999998807907,358.2999999821186,13229,4.0,95.4
baseline2,Legacy (Baseline 2),worst_case,Worst-Case (Stress),32,2026-04-01T11:11:17.452Z,862.68,108,17.32,574.61,106.83,72.37,78.93,1320,39.2,100,4,96,39.2,17.25,2.54,19.41,0,0.0,117.5,239.7000000178814,13227,4.0,95.5
baseline2,Legacy (Baseline 2),worst_case,Worst-Case (Stress),33,2026-04-01T11:11:45.354Z,862.7,108,17.35,574.6,106.83,72.37,78.93,1359,39.26,100,4,96,39.26,17.3,2.55,19.41,0,0.0,145.7000000178814,260.0,13227,4.0,95.4
baseline2,Legacy (Baseline 2),worst_case,Worst-Case (Stress),34,2026-04-01T11:12:13.141Z,862.7,108,17.36,574.62,106.82,72.36,78.93,1424,39.23,100,4,96,39.23,17.28,2.54,19.41,0,0.0,104.90000000596046,223.09999999403956,13227,4.0,95.5
baseline2,Legacy (Baseline 2),worst_case,Worst-Case (Stress),35,2026-04-01T11:12:41.239Z,862.75,108,17.33,574.65,106.83,72.41,78.93,1453,40.65,100,4,96,40.65,17.32,3.91,19.42,0,0.0,90.10000002384186,443.7000000178814,13229,4.0,95.3
baseline2,Legacy (Baseline 2),worst_case,Worst-Case (Stress),36,2026-04-01T11:13:08.839Z,862.62,108,17.32,574.62,106.82,72.32,78.93,1338,41.31,100,4,96,41.31,17.29,4.6,19.42,0,0.0,81.40000000596046,213.69999998807907,13227,4.0,95.2
baseline2,Legacy (Baseline 2),worst_case,Worst-Case (Stress),37,2026-04-01T11:13:36.800Z,862.69,108,17.33,574.67,106.82,72.32,78.93,1361,39.76,100,4,96,39.76,17.26,3.08,19.42,0,0.0,106.2000000178814,296.09999999403954,13229,4.0,95.4
baseline2,Legacy (Baseline 2),worst_case,Worst-Case (Stress),38,2026-04-01T11:14:04.703Z,862.68,108,17.33,574.63,106.82,72.35,78.93,1370,39.99,100,4,96,39.99,17.34,3.23,19.42,0,0.0,161.90000000596046,279.5,13229,4.0,95.4
baseline2,Legacy (Baseline 2),worst_case,Worst-Case (Stress),39,2026-04-01T11:14:32.492Z,862.78,108,17.41,574.63,106.83,72.37,78.93,1326,39.22,100,4,96,39.22,17.28,2.54,19.41,0,0.0,129.80000001192093,253.60000002384183,13225,4.0,95.5
baseline2,Legacy (Baseline 2),worst_case,Worst-Case (Stress),40,2026-04-01T11:15:00.862Z,862.66,108,17.37,574.61,106.83,72.32,78.92,1864,39.21,100,4,96,39.21,17.26,2.54,19.42,0,0.0,416.0,523.5999999940395,13229,4.0,95.5
baseline2,Legacy (Baseline 2),worst_case,Worst-Case (Stress),41,2026-04-01T11:15:28.816Z,862.67,108,17.34,574.65,106.83,72.31,78.93,1403,38.54,100,4,96,38.54,17.27,1.85,19.41,0,0.0,112.5,199.80000001192093,13229,4.0,95.5
baseline2,Legacy (Baseline 2),worst_case,Worst-Case (Stress),42,2026-04-01T11:15:56.676Z,862.56,108,17.33,574.53,106.83,72.32,78.93,1291,38.61,100,4,96,38.61,17.34,1.85,19.42,0,0.0,95.80000001192091,181.69999998807907,13227,4.0,95.5
baseline2,Legacy (Baseline 2),worst_case,Worst-Case (Stress),43,2026-04-01T11:16:24.624Z,862.71,108,17.34,574.63,106.82,72.36,78.93,1353,39.22,100,4,96,39.22,17.27,2.54,19.42,0,0.0,91.90000000596046,275.59999999403954,13227,4.0,95.5
baseline2,Legacy (Baseline 2),worst_case,Worst-Case (Stress),44,2026-04-01T11:16:52.499Z,862.68,108,17.34,574.65,106.83,72.32,78.93,1609,38.52,100,4,96,38.52,17.26,1.85,19.41,0,0.0,373.2999999821186,459.40000000596046,13229,4.0,95.5
baseline2,Legacy (Baseline 2),worst_case,Worst-Case (Stress),45,2026-04-01T11:17:20.252Z,862.76,108,17.33,574.65,106.82,72.41,78.93,1306,39.27,100,4,96,39.27,17.33,2.54,19.41,0,0.0,115.59999999403954,234.5,13225,4.0,95.4
baseline2,Legacy (Baseline 2),worst_case,Worst-Case (Stress),46,2026-04-01T11:17:47.970Z,862.82,108,17.43,574.67,106.83,72.35,78.93,1362,39.21,100,4,96,39.21,17.26,2.54,19.42,0,0.0,86.90000000596046,253.9000000059605,13227,4.0,95.5
baseline2,Legacy (Baseline 2),worst_case,Worst-Case (Stress),47,2026-04-01T11:18:15.925Z,862.67,108,17.33,574.61,106.83,72.36,78.93,1466,40.55,100,4,96,40.55,17.24,3.9,19.41,0,0.0,247.0,358.7999999821186,13229,4.0,95.3
baseline2,Legacy (Baseline 2),worst_case,Worst-Case (Stress),48,2026-04-01T11:18:43.755Z,862.66,108,17.34,574.63,106.82,72.32,78.94,1364,38.53,100,4,96,38.53,17.27,1.85,19.41,0,0.0,143.5,227.7000000178814,13229,4.0,95.5
baseline2,Legacy (Baseline 2),worst_case,Worst-Case (Stress),49,2026-04-01T11:19:11.528Z,862.74,108,17.34,574.68,106.83,72.35,78.93,1300,39.25,100,4,96,39.25,17.28,2.55,19.42,0,0.0,99.60000002384186,210.09999999403956,13229,4.0,95.5
baseline2,Legacy (Baseline 2),worst_case,Worst-Case (Stress),50,2026-04-01T11:19:39.447Z,862.84,108,17.4,574.65,106.83,72.41,78.93,1293,39.23,100,4,96,39.23,17.27,2.54,19.42,0,0.0,97.69999998807909,204.5,13229,4.0,95.5
